territory,year,population,type,capacity,score
Abruzzo,2018,adulti,rischio,accedere_risorse,-0.18
Basilicata,2018,adulti,rischio,accedere_risorse,-0.182
Calabria,2018,adulti,rischio,accedere_risorse,-0.791
Campania,2018,adulti,rischio,accedere_risorse,-1.552
Emilia-Romagna,2018,adulti,rischio,accedere_risorse,0.689
Friuli-Venezia Giulia,2018,adulti,rischio,accedere_risorse,0.664
Lazio,2018,adulti,rischio,accedere_risorse,0.035
Liguria,2018,adulti,rischio,accedere_risorse,0.176
Lombardia,2018,adulti,rischio,accedere_risorse,0.332
Marche,2018,adulti,rischio,accedere_risorse,0.087
Molise,2018,adulti,rischio,accedere_risorse,0.168
Piemonte,2018,adulti,rischio,accedere_risorse,0.289
Puglia,2018,adulti,rischio,accedere_risorse,-0.743
Sardegna,2018,adulti,rischio,accedere_risorse,-0.562
Sicilia,2018,adulti,rischio,accedere_risorse,-1.109
Toscana,2018,adulti,rischio,accedere_risorse,0.57
Trentino-Alto Adige/Südtirol,2018,adulti,rischio,accedere_risorse,0.666
Umbria,2018,adulti,rischio,accedere_risorse,0.169
Valle d'Aosta/Vallée d'Aoste,2018,adulti,rischio,accedere_risorse,0.439
Veneto,2018,adulti,rischio,accedere_risorse,0.835
Abruzzo,2018,adulti,rischio,conoscenza_sapere,0.451
Basilicata,2018,adulti,rischio,conoscenza_sapere,-0.077
Calabria,2018,adulti,rischio,conoscenza_sapere,-1.372
Campania,2018,adulti,rischio,conoscenza_sapere,-1.705
Emilia-Romagna,2018,adulti,rischio,conoscenza_sapere,0.55
Friuli-Venezia Giulia,2018,adulti,rischio,conoscenza_sapere,0.093
Lazio,2018,adulti,rischio,conoscenza_sapere,1.043
Liguria,2018,adulti,rischio,conoscenza_sapere,-0.044
Lombardia,2018,adulti,rischio,conoscenza_sapere,0.561
Marche,2018,adulti,rischio,conoscenza_sapere,0.993
Molise,2018,adulti,rischio,conoscenza_sapere,0.416
Piemonte,2018,adulti,rischio,conoscenza_sapere,0.342
Puglia,2018,adulti,rischio,conoscenza_sapere,-1.602
Sardegna,2018,adulti,rischio,conoscenza_sapere,-0.82
Sicilia,2018,adulti,rischio,conoscenza_sapere,-1.76
Toscana,2018,adulti,rischio,conoscenza_sapere,0.397
Trentino-Alto Adige/Südtirol,2018,adulti,rischio,conoscenza_sapere,0.937
Umbria,2018,adulti,rischio,conoscenza_sapere,1.038
Valle d'Aosta/Vallée d'Aoste,2018,adulti,rischio,conoscenza_sapere,0.2
Veneto,2018,adulti,rischio,conoscenza_sapere,0.361
Abruzzo,2018,adulti,rischio,cura,-0.219
Basilicata,2018,adulti,rischio,cura,-0.053
Calabria,2018,adulti,rischio,cura,-0.252
Campania,2018,adulti,rischio,cura,-1.712
Emilia-Romagna,2018,adulti,rischio,cura,0.278
Friuli-Venezia Giulia,2018,adulti,rischio,cura,0.263
Lazio,2018,adulti,rischio,cura,-0.451
Liguria,2018,adulti,rischio,cura,0.225
Lombardia,2018,adulti,rischio,cura,0.489
Marche,2018,adulti,rischio,cura,0.043
Molise,2018,adulti,rischio,cura,0.204
Piemonte,2018,adulti,rischio,cura,0.337
Puglia,2018,adulti,rischio,cura,-0.656
Sardegna,2018,adulti,rischio,cura,0.012
Sicilia,2018,adulti,rischio,cura,-1.058
Toscana,2018,adulti,rischio,cura,0.147
Trentino-Alto Adige/Südtirol,2018,adulti,rischio,cura,1.067
Umbria,2018,adulti,rischio,cura,0.235
Valle d'Aosta/Vallée d'Aoste,2018,adulti,rischio,cura,0.528
Veneto,2018,adulti,rischio,cura,0.574
Abruzzo,2018,adulti,rischio,lavorare,-0.198
Basilicata,2018,adulti,rischio,lavorare,-0.333
Calabria,2018,adulti,rischio,lavorare,-1.735
Campania,2018,adulti,rischio,lavorare,-1.764
Emilia-Romagna,2018,adulti,rischio,lavorare,0.866
Friuli-Venezia Giulia,2018,adulti,rischio,lavorare,0.824
Lazio,2018,adulti,rischio,lavorare,0.001
Liguria,2018,adulti,rischio,lavorare,0.551
Lombardia,2018,adulti,rischio,lavorare,0.698
Marche,2018,adulti,rischio,lavorare,0.646
Molise,2018,adulti,rischio,lavorare,-0.596
Piemonte,2018,adulti,rischio,lavorare,0.489
Puglia,2018,adulti,rischio,lavorare,-0.978
Sardegna,2018,adulti,rischio,lavorare,-0.762
Sicilia,2018,adulti,rischio,lavorare,-1.797
Toscana,2018,adulti,rischio,lavorare,0.63
Trentino-Alto Adige/Südtirol,2018,adulti,rischio,lavorare,1.418
Umbria,2018,adulti,rischio,lavorare,0.413
Valle d'Aosta/Vallée d'Aoste,2018,adulti,rischio,lavorare,0.716
Veneto,2018,adulti,rischio,lavorare,0.913
Abruzzo,2018,adulti,rischio,vita_sana,0.113
Basilicata,2018,adulti,rischio,vita_sana,0.066
Calabria,2018,adulti,rischio,vita_sana,-0.2
Campania,2018,adulti,rischio,vita_sana,-0.386
Emilia-Romagna,2018,adulti,rischio,vita_sana,0.068
Friuli-Venezia Giulia,2018,adulti,rischio,vita_sana,0.526
Lazio,2018,adulti,rischio,vita_sana,0.174
Liguria,2018,adulti,rischio,vita_sana,0.505
Lombardia,2018,adulti,rischio,vita_sana,0.219
Marche,2018,adulti,rischio,vita_sana,-1.078
Molise,2018,adulti,rischio,vita_sana,0.461
Piemonte,2018,adulti,rischio,vita_sana,-0.181
Puglia,2018,adulti,rischio,vita_sana,-0.019
Sardegna,2018,adulti,rischio,vita_sana,-0.585
Sicilia,2018,adulti,rischio,vita_sana,0.065
Toscana,2018,adulti,rischio,vita_sana,-0.503
Trentino-Alto Adige/Südtirol,2018,adulti,rischio,vita_sana,0.905
Umbria,2018,adulti,rischio,vita_sana,-0.317
Valle d'Aosta/Vallée d'Aoste,2018,adulti,rischio,vita_sana,-0.494
Veneto,2018,adulti,rischio,vita_sana,0.661
Abruzzo,2018,adulti,rischio,vita_sicura,-0.46
Basilicata,2018,adulti,rischio,vita_sicura,-0.078
Calabria,2018,adulti,rischio,vita_sicura,-0.42
Campania,2018,adulti,rischio,vita_sicura,-1.113
Emilia-Romagna,2018,adulti,rischio,vita_sicura,0.16
Friuli-Venezia Giulia,2018,adulti,rischio,vita_sicura,0.679
Lazio,2018,adulti,rischio,vita_sicura,-0.447
Liguria,2018,adulti,rischio,vita_sicura,0.164
Lombardia,2018,adulti,rischio,vita_sicura,0.499
Marche,2018,adulti,rischio,vita_sicura,0.087
Molise,2018,adulti,rischio,vita_sicura,-0.468
Piemonte,2018,adulti,rischio,vita_sicura,0.132
Puglia,2018,adulti,rischio,vita_sicura,-0.815
Sardegna,2018,adulti,rischio,vita_sicura,0.385
Sicilia,2018,adulti,rischio,vita_sicura,-0.417
Toscana,2018,adulti,rischio,vita_sicura,-0.03
Trentino-Alto Adige/Südtirol,2018,adulti,rischio,vita_sicura,1.071
Umbria,2018,adulti,rischio,vita_sicura,-0.192
Valle d'Aosta/Vallée d'Aoste,2018,adulti,rischio,vita_sicura,1.065
Veneto,2018,adulti,rischio,vita_sicura,0.198
Abruzzo,2018,bambini,rischio,vita_sana,-0.728
Basilicata,2018,bambini,rischio,vita_sana,-0.801
Calabria,2018,bambini,rischio,vita_sana,-0.009
Campania,2018,bambini,rischio,vita_sana,-0.668
Emilia-Romagna,2018,bambini,rischio,vita_sana,0.381
Friuli-Venezia Giulia,2018,bambini,rischio,vita_sana,0.721
Lazio,2018,bambini,rischio,vita_sana,0.515
Liguria,2018,bambini,rischio,vita_sana,0.076
Lombardia,2018,bambini,rischio,vita_sana,0.146
Marche,2018,bambini,rischio,vita_sana,0.519
Molise,2018,bambini,rischio,vita_sana,-0.691
Piemonte,2018,bambini,rischio,vita_sana,0.328
Puglia,2018,bambini,rischio,vita_sana,-0.983
Sardegna,2018,bambini,rischio,vita_sana,-0.839
Sicilia,2018,bambini,rischio,vita_sana,-0.683
Toscana,2018,bambini,rischio,vita_sana,0.492
Trentino-Alto Adige/Südtirol,2018,bambini,rischio,vita_sana,0.862
Umbria,2018,bambini,rischio,vita_sana,0.203
Valle d'Aosta/Vallée d'Aoste,2018,bambini,rischio,vita_sana,0.746
Veneto,2018,bambini,rischio,vita_sana,0.413
Abruzzo,2018,totale,rischio,totale,-0.174
Basilicata,2018,totale,rischio,totale,-0.208
Calabria,2018,totale,rischio,totale,-0.683
Campania,2018,totale,rischio,totale,-1.271
Emilia-Romagna,2018,totale,rischio,totale,0.427
Friuli-Venezia Giulia,2018,totale,rischio,totale,0.539
Lazio,2018,totale,rischio,totale,0.124
Liguria,2018,totale,rischio,totale,0.236
Lombardia,2018,totale,rischio,totale,0.421
Marche,2018,totale,rischio,totale,0.185
Molise,2018,totale,rischio,totale,-0.072
Piemonte,2018,totale,rischio,totale,0.248
Puglia,2018,totale,rischio,totale,-0.828
Sardegna,2018,totale,rischio,totale,-0.453
Sicilia,2018,totale,rischio,totale,-0.966
Toscana,2018,totale,rischio,totale,0.243
Trentino-Alto Adige/Südtirol,2018,totale,rischio,totale,0.989
Umbria,2018,totale,rischio,totale,0.221
Valle d'Aosta/Vallée d'Aoste,2018,totale,rischio,totale,0.457
Veneto,2018,totale,rischio,totale,0.565
Abruzzo,2018,adulti,servizi,accedere_risorse,-0.693
Basilicata,2018,adulti,servizi,accedere_risorse,-0.864
Calabria,2018,adulti,servizi,accedere_risorse,-0.703
Campania,2018,adulti,servizi,accedere_risorse,-0.841
Emilia-Romagna,2018,adulti,servizi,accedere_risorse,0.907
Friuli-Venezia Giulia,2018,adulti,servizi,accedere_risorse,2.426
Lazio,2018,adulti,servizi,accedere_risorse,-0.493
Liguria,2018,adulti,servizi,accedere_risorse,-0.58
Lombardia,2018,adulti,servizi,accedere_risorse,-0.325
Marche,2018,adulti,servizi,accedere_risorse,-0.014
Molise,2018,adulti,servizi,accedere_risorse,-0.703
Piemonte,2018,adulti,servizi,accedere_risorse,1.345
Puglia,2018,adulti,servizi,accedere_risorse,-0.666
Sardegna,2018,adulti,servizi,accedere_risorse,-0.102
Sicilia,2018,adulti,servizi,accedere_risorse,-0.785
Toscana,2018,adulti,servizi,accedere_risorse,0.66
Trentino-Alto Adige/Südtirol,2018,adulti,servizi,accedere_risorse,-0.475
Umbria,2018,adulti,servizi,accedere_risorse,0.29
Valle d'Aosta/Vallée d'Aoste,2018,adulti,servizi,accedere_risorse,0.105
Veneto,2018,adulti,servizi,accedere_risorse,1.511
Abruzzo,2018,adulti,servizi,conoscenza_sapere,1.178
Basilicata,2018,adulti,servizi,conoscenza_sapere,-0.572
Calabria,2018,adulti,servizi,conoscenza_sapere,-0.553
Campania,2018,adulti,servizi,conoscenza_sapere,-0.941
Emilia-Romagna,2018,adulti,servizi,conoscenza_sapere,0.304
Friuli-Venezia Giulia,2018,adulti,servizi,conoscenza_sapere,1.516
Lazio,2018,adulti,servizi,conoscenza_sapere,0.616
Liguria,2018,adulti,servizi,conoscenza_sapere,-0.572
Lombardia,2018,adulti,servizi,conoscenza_sapere,-0.238
Marche,2018,adulti,servizi,conoscenza_sapere,0.048
Molise,2018,adulti,servizi,conoscenza_sapere,1.253
Piemonte,2018,adulti,servizi,conoscenza_sapere,-0.584
Puglia,2018,adulti,servizi,conoscenza_sapere,-0.977
Sardegna,2018,adulti,servizi,conoscenza_sapere,-0.401
Sicilia,2018,adulti,servizi,conoscenza_sapere,-1.756
Toscana,2018,adulti,servizi,conoscenza_sapere,1.592
Trentino-Alto Adige/Südtirol,2018,adulti,servizi,conoscenza_sapere,1.681
Umbria,2018,adulti,servizi,conoscenza_sapere,0.408
Valle d'Aosta/Vallée d'Aoste,2018,adulti,servizi,conoscenza_sapere,-1.388
Veneto,2018,adulti,servizi,conoscenza_sapere,-0.615
Abruzzo,2018,adulti,servizi,cura,-0.164
Basilicata,2018,adulti,servizi,cura,-0.125
Calabria,2018,adulti,servizi,cura,-0.852
Campania,2018,adulti,servizi,cura,-1.003
Emilia-Romagna,2018,adulti,servizi,cura,1.593
Friuli-Venezia Giulia,2018,adulti,servizi,cura,-0.419
Lazio,2018,adulti,servizi,cura,-0.055
Liguria,2018,adulti,servizi,cura,0.051
Lombardia,2018,adulti,servizi,cura,-0.134
Marche,2018,adulti,servizi,cura,-0.505
Molise,2018,adulti,servizi,cura,-0.493
Piemonte,2018,adulti,servizi,cura,0.222
Puglia,2018,adulti,servizi,cura,-0.174
Sardegna,2018,adulti,servizi,cura,0.079
Sicilia,2018,adulti,servizi,cura,-0.011
Toscana,2018,adulti,servizi,cura,0.096
Trentino-Alto Adige/Südtirol,2018,adulti,servizi,cura,0.433
Umbria,2018,adulti,servizi,cura,0.448
Valle d'Aosta/Vallée d'Aoste,2018,adulti,servizi,cura,0.634
Veneto,2018,adulti,servizi,cura,0.38
Abruzzo,2018,adulti,servizi,lavorare,-0.8
Basilicata,2018,adulti,servizi,lavorare,-0.74
Calabria,2018,adulti,servizi,lavorare,-0.863
Campania,2018,adulti,servizi,lavorare,-0.897
Emilia-Romagna,2018,adulti,servizi,lavorare,3.444
Friuli-Venezia Giulia,2018,adulti,servizi,lavorare,0.094
Lazio,2018,adulti,servizi,lavorare,-0.509
Liguria,2018,adulti,servizi,lavorare,0.512
Lombardia,2018,adulti,servizi,lavorare,-0.369
Marche,2018,adulti,servizi,lavorare,-0.543
Molise,2018,adulti,servizi,lavorare,-0.434
Piemonte,2018,adulti,servizi,lavorare,0.235
Puglia,2018,adulti,servizi,lavorare,-0.546
Sardegna,2018,adulti,servizi,lavorare,0.839
Sicilia,2018,adulti,servizi,lavorare,-0.047
Toscana,2018,adulti,servizi,lavorare,-0.407
Trentino-Alto Adige/Südtirol,2018,adulti,servizi,lavorare,-0.92
Umbria,2018,adulti,servizi,lavorare,0.859
Valle d'Aosta/Vallée d'Aoste,2018,adulti,servizi,lavorare,-0.105
Veneto,2018,adulti,servizi,lavorare,1.197
Abruzzo,2018,adulti,servizi,vita_sana,0.076
Basilicata,2018,adulti,servizi,vita_sana,-0.495
Calabria,2018,adulti,servizi,vita_sana,-1.06
Campania,2018,adulti,servizi,vita_sana,-1.051
Emilia-Romagna,2018,adulti,servizi,vita_sana,0.017
Friuli-Venezia Giulia,2018,adulti,servizi,vita_sana,-0.315
Lazio,2018,adulti,servizi,vita_sana,-0.615
Liguria,2018,adulti,servizi,vita_sana,1.499
Lombardia,2018,adulti,servizi,vita_sana,-0.039
Marche,2018,adulti,servizi,vita_sana,0.782
Molise,2018,adulti,servizi,vita_sana,0.074
Piemonte,2018,adulti,servizi,vita_sana,0.227
Puglia,2018,adulti,servizi,vita_sana,-0.26
Sardegna,2018,adulti,servizi,vita_sana,-0.037
Sicilia,2018,adulti,servizi,vita_sana,-0.761
Toscana,2018,adulti,servizi,vita_sana,0.55
Trentino-Alto Adige/Südtirol,2018,adulti,servizi,vita_sana,-0.303
Umbria,2018,adulti,servizi,vita_sana,0.432
Valle d'Aosta/Vallée d'Aoste,2018,adulti,servizi,vita_sana,0.85
Veneto,2018,adulti,servizi,vita_sana,0.429
Abruzzo,2018,adulti,servizi,vita_sicura,0.129
Basilicata,2018,adulti,servizi,vita_sicura,-0.759
Calabria,2018,adulti,servizi,vita_sicura,-0.438
Campania,2018,adulti,servizi,vita_sicura,-0.25
Emilia-Romagna,2018,adulti,servizi,vita_sicura,1.154
Friuli-Venezia Giulia,2018,adulti,servizi,vita_sicura,-0.179
Lazio,2018,adulti,servizi,vita_sicura,-0.975
Liguria,2018,adulti,servizi,vita_sicura,0.293
Lombardia,2018,adulti,servizi,vita_sicura,-0.643
Marche,2018,adulti,servizi,vita_sicura,0.654
Molise,2018,adulti,servizi,vita_sicura,-0.579
Piemonte,2018,adulti,servizi,vita_sicura,-0.831
Puglia,2018,adulti,servizi,vita_sicura,-0.588
Sardegna,2018,adulti,servizi,vita_sicura,0.341
Sicilia,2018,adulti,servizi,vita_sicura,0.444
Toscana,2018,adulti,servizi,vita_sicura,0.003
Trentino-Alto Adige/Südtirol,2018,adulti,servizi,vita_sicura,-0.324
Umbria,2018,adulti,servizi,vita_sicura,0.782
Valle d'Aosta/Vallée d'Aoste,2018,adulti,servizi,vita_sicura,0.968
Veneto,2018,adulti,servizi,vita_sicura,0.798
Abruzzo,2018,bambini,servizi,cura,-0.398
Basilicata,2018,bambini,servizi,cura,-0.443
Calabria,2018,bambini,servizi,cura,-0.618
Campania,2018,bambini,servizi,cura,-1.193
Emilia-Romagna,2018,bambini,servizi,cura,0.55
Friuli-Venezia Giulia,2018,bambini,servizi,cura,0.104
Lazio,2018,bambini,servizi,cura,-0.439
Liguria,2018,bambini,servizi,cura,1.364
Lombardia,2018,bambini,servizi,cura,-0.212
Marche,2018,bambini,servizi,cura,-0.153
Molise,2018,bambini,servizi,cura,-0.571
Piemonte,2018,bambini,servizi,cura,0.772
Puglia,2018,bambini,servizi,cura,-0.658
Sardegna,2018,bambini,servizi,cura,0.347
Sicilia,2018,bambini,servizi,cura,-0.182
Toscana,2018,bambini,servizi,cura,0.386
Trentino-Alto Adige/Südtirol,2018,bambini,servizi,cura,0.126
Umbria,2018,bambini,servizi,cura,0.616
Valle d'Aosta/Vallée d'Aoste,2018,bambini,servizi,cura,0.256
Veneto,2018,bambini,servizi,cura,0.347
Abruzzo,2018,bambini,servizi,vita_sana,0.553
Basilicata,2018,bambini,servizi,vita_sana,-0.638
Calabria,2018,bambini,servizi,vita_sana,0.164
Campania,2018,bambini,servizi,vita_sana,-0.449
Emilia-Romagna,2018,bambini,servizi,vita_sana,0.147
Friuli-Venezia Giulia,2018,bambini,servizi,vita_sana,-0.695
Lazio,2018,bambini,servizi,vita_sana,0.733
Liguria,2018,bambini,servizi,vita_sana,-0.046
Lombardia,2018,bambini,servizi,vita_sana,-0.535
Marche,2018,bambini,servizi,vita_sana,-0.271
Molise,2018,bambini,servizi,vita_sana,-0.118
Piemonte,2018,bambini,servizi,vita_sana,-0.825
Puglia,2018,bambini,servizi,vita_sana,0.22
Sardegna,2018,bambini,servizi,vita_sana,1.593
Sicilia,2018,bambini,servizi,vita_sana,0.473
Toscana,2018,bambini,servizi,vita_sana,0.385
Trentino-Alto Adige/Südtirol,2018,bambini,servizi,vita_sana,-0.441
Umbria,2018,bambini,servizi,vita_sana,0.344
Valle d'Aosta/Vallée d'Aoste,2018,bambini,servizi,vita_sana,-0.054
Veneto,2018,bambini,servizi,vita_sana,-0.54
Abruzzo,2018,totale,servizi,totale,-0.015
Basilicata,2018,totale,servizi,totale,-0.58
Calabria,2018,totale,servizi,totale,-0.615
Campania,2018,totale,servizi,totale,-0.828
Emilia-Romagna,2018,totale,servizi,totale,1.014
Friuli-Venezia Giulia,2018,totale,servizi,totale,0.316
Lazio,2018,totale,servizi,totale,-0.217
Liguria,2018,totale,servizi,totale,0.315
Lombardia,2018,totale,servizi,totale,-0.312
Marche,2018,totale,servizi,totale,-0.0
Molise,2018,totale,servizi,totale,-0.196
Piemonte,2018,totale,servizi,totale,0.07
Puglia,2018,totale,servizi,totale,-0.456
Sardegna,2018,totale,servizi,totale,0.332
Sicilia,2018,totale,servizi,totale,-0.328
Toscana,2018,totale,servizi,totale,0.408
Trentino-Alto Adige/Südtirol,2018,totale,servizi,totale,-0.028
Umbria,2018,totale,servizi,totale,0.522
Valle d'Aosta/Vallée d'Aoste,2018,totale,servizi,totale,0.158
Veneto,2018,totale,servizi,totale,0.438
Abruzzo,2018,totale,totale,totale,-0.091
Basilicata,2018,totale,totale,totale,-0.413
Calabria,2018,totale,totale,totale,-0.715
Campania,2018,totale,totale,totale,-1.079
Emilia-Romagna,2018,totale,totale,totale,0.833
Friuli-Venezia Giulia,2018,totale,totale,totale,0.517
Lazio,2018,totale,totale,totale,-0.08
Liguria,2018,totale,totale,totale,0.218
Lombardia,2018,totale,totale,totale,0.042
Marche,2018,totale,totale,totale,0.127
Molise,2018,totale,totale,totale,-0.138
Piemonte,2018,totale,totale,totale,0.173
Puglia,2018,totale,totale,totale,-0.702
Sardegna,2018,totale,totale,totale,-0.06
Sicilia,2018,totale,totale,totale,-0.709
Toscana,2018,totale,totale,totale,0.358
Trentino-Alto Adige/Südtirol,2018,totale,totale,totale,0.471
Umbria,2018,totale,totale,totale,0.414
Valle d'Aosta/Vallée d'Aoste,2018,totale,totale,totale,0.289
Veneto,2018,totale,totale,totale,0.546
Abruzzo,2019,adulti,rischio,accedere_risorse,-0.776
Basilicata,2019,adulti,rischio,accedere_risorse,-0.271
Calabria,2019,adulti,rischio,accedere_risorse,-0.854
Campania,2019,adulti,rischio,accedere_risorse,-1.156
Emilia-Romagna,2019,adulti,rischio,accedere_risorse,0.842
Friuli-Venezia Giulia,2019,adulti,rischio,accedere_risorse,0.733
Lazio,2019,adulti,rischio,accedere_risorse,-0.021
Liguria,2019,adulti,rischio,accedere_risorse,-0.067
Lombardia,2019,adulti,rischio,accedere_risorse,0.446
Marche,2019,adulti,rischio,accedere_risorse,0.096
Molise,2019,adulti,rischio,accedere_risorse,0.234
Piemonte,2019,adulti,rischio,accedere_risorse,0.18
Puglia,2019,adulti,rischio,accedere_risorse,-0.872
Sardegna,2019,adulti,rischio,accedere_risorse,-0.769
Sicilia,2019,adulti,rischio,accedere_risorse,-1.166
Toscana,2019,adulti,rischio,accedere_risorse,0.774
Trentino-Alto Adige/Südtirol,2019,adulti,rischio,accedere_risorse,0.914
Umbria,2019,adulti,rischio,accedere_risorse,0.362
Valle d'Aosta/Vallée d'Aoste,2019,adulti,rischio,accedere_risorse,0.517
Veneto,2019,adulti,rischio,accedere_risorse,0.855
Abruzzo,2019,adulti,rischio,conoscenza_sapere,0.519
Basilicata,2019,adulti,rischio,conoscenza_sapere,-0.132
Calabria,2019,adulti,rischio,conoscenza_sapere,-1.783
Campania,2019,adulti,rischio,conoscenza_sapere,-1.714
Emilia-Romagna,2019,adulti,rischio,conoscenza_sapere,0.561
Friuli-Venezia Giulia,2019,adulti,rischio,conoscenza_sapere,0.486
Lazio,2019,adulti,rischio,conoscenza_sapere,1.143
Liguria,2019,adulti,rischio,conoscenza_sapere,0.106
Lombardia,2019,adulti,rischio,conoscenza_sapere,0.855
Marche,2019,adulti,rischio,conoscenza_sapere,0.755
Molise,2019,adulti,rischio,conoscenza_sapere,-0.023
Piemonte,2019,adulti,rischio,conoscenza_sapere,0.438
Puglia,2019,adulti,rischio,conoscenza_sapere,-1.53
Sardegna,2019,adulti,rischio,conoscenza_sapere,-0.764
Sicilia,2019,adulti,rischio,conoscenza_sapere,-1.895
Toscana,2019,adulti,rischio,conoscenza_sapere,0.286
Trentino-Alto Adige/Südtirol,2019,adulti,rischio,conoscenza_sapere,0.828
Umbria,2019,adulti,rischio,conoscenza_sapere,1.04
Valle d'Aosta/Vallée d'Aoste,2019,adulti,rischio,conoscenza_sapere,0.437
Veneto,2019,adulti,rischio,conoscenza_sapere,0.388
Abruzzo,2019,adulti,rischio,cura,-0.207
Basilicata,2019,adulti,rischio,cura,0.016
Calabria,2019,adulti,rischio,cura,-0.242
Campania,2019,adulti,rischio,cura,-1.647
Emilia-Romagna,2019,adulti,rischio,cura,0.403
Friuli-Venezia Giulia,2019,adulti,rischio,cura,0.417
Lazio,2019,adulti,rischio,cura,-0.27
Liguria,2019,adulti,rischio,cura,0.214
Lombardia,2019,adulti,rischio,cura,0.458
Marche,2019,adulti,rischio,cura,0.216
Molise,2019,adulti,rischio,cura,0.234
Piemonte,2019,adulti,rischio,cura,0.393
Puglia,2019,adulti,rischio,cura,-0.806
Sardegna,2019,adulti,rischio,cura,0.043
Sicilia,2019,adulti,rischio,cura,-1.224
Toscana,2019,adulti,rischio,cura,0.237
Trentino-Alto Adige/Südtirol,2019,adulti,rischio,cura,1.012
Umbria,2019,adulti,rischio,cura,0.038
Valle d'Aosta/Vallée d'Aoste,2019,adulti,rischio,cura,0.11
Veneto,2019,adulti,rischio,cura,0.605
Abruzzo,2019,adulti,rischio,lavorare,-0.261
Basilicata,2019,adulti,rischio,lavorare,-0.364
Calabria,2019,adulti,rischio,lavorare,-1.807
Campania,2019,adulti,rischio,lavorare,-1.686
Emilia-Romagna,2019,adulti,rischio,lavorare,0.949
Friuli-Venezia Giulia,2019,adulti,rischio,lavorare,0.712
Lazio,2019,adulti,rischio,lavorare,-0.026
Liguria,2019,adulti,rischio,lavorare,0.427
Lombardia,2019,adulti,rischio,lavorare,0.754
Marche,2019,adulti,rischio,lavorare,0.465
Molise,2019,adulti,rischio,lavorare,-0.716
Piemonte,2019,adulti,rischio,lavorare,0.477
Puglia,2019,adulti,rischio,lavorare,-0.706
Sardegna,2019,adulti,rischio,lavorare,-0.787
Sicilia,2019,adulti,rischio,lavorare,-1.689
Toscana,2019,adulti,rischio,lavorare,0.631
Trentino-Alto Adige/Südtirol,2019,adulti,rischio,lavorare,1.424
Umbria,2019,adulti,rischio,lavorare,0.398
Valle d'Aosta/Vallée d'Aoste,2019,adulti,rischio,lavorare,0.788
Veneto,2019,adulti,rischio,lavorare,1.017
Abruzzo,2019,adulti,rischio,vita_sana,0.178
Basilicata,2019,adulti,rischio,vita_sana,-0.138
Calabria,2019,adulti,rischio,vita_sana,-0.137
Campania,2019,adulti,rischio,vita_sana,-0.384
Emilia-Romagna,2019,adulti,rischio,vita_sana,0.177
Friuli-Venezia Giulia,2019,adulti,rischio,vita_sana,0.6
Lazio,2019,adulti,rischio,vita_sana,0.371
Liguria,2019,adulti,rischio,vita_sana,0.228
Lombardia,2019,adulti,rischio,vita_sana,0.186
Marche,2019,adulti,rischio,vita_sana,-1.001
Molise,2019,adulti,rischio,vita_sana,0.573
Piemonte,2019,adulti,rischio,vita_sana,-0.366
Puglia,2019,adulti,rischio,vita_sana,0.01
Sardegna,2019,adulti,rischio,vita_sana,-0.424
Sicilia,2019,adulti,rischio,vita_sana,0.198
Toscana,2019,adulti,rischio,vita_sana,-0.156
Trentino-Alto Adige/Südtirol,2019,adulti,rischio,vita_sana,0.999
Umbria,2019,adulti,rischio,vita_sana,-0.769
Valle d'Aosta/Vallée d'Aoste,2019,adulti,rischio,vita_sana,-0.479
Veneto,2019,adulti,rischio,vita_sana,0.334
Abruzzo,2019,adulti,rischio,vita_sicura,-0.345
Basilicata,2019,adulti,rischio,vita_sicura,-0.335
Calabria,2019,adulti,rischio,vita_sicura,-0.454
Campania,2019,adulti,rischio,vita_sicura,-1.245
Emilia-Romagna,2019,adulti,rischio,vita_sicura,0.087
Friuli-Venezia Giulia,2019,adulti,rischio,vita_sicura,0.619
Lazio,2019,adulti,rischio,vita_sicura,-0.56
Liguria,2019,adulti,rischio,vita_sicura,0.324
Lombardia,2019,adulti,rischio,vita_sicura,0.101
Marche,2019,adulti,rischio,vita_sicura,-0.039
Molise,2019,adulti,rischio,vita_sicura,-0.37
Piemonte,2019,adulti,rischio,vita_sicura,0.171
Puglia,2019,adulti,rischio,vita_sicura,-1.286
Sardegna,2019,adulti,rischio,vita_sicura,0.243
Sicilia,2019,adulti,rischio,vita_sicura,-0.615
Toscana,2019,adulti,rischio,vita_sicura,0.013
Trentino-Alto Adige/Südtirol,2019,adulti,rischio,vita_sicura,1.339
Umbria,2019,adulti,rischio,vita_sicura,0.073
Valle d'Aosta/Vallée d'Aoste,2019,adulti,rischio,vita_sicura,0.212
Veneto,2019,adulti,rischio,vita_sicura,-0.003
Abruzzo,2019,bambini,rischio,vita_sana,-0.716
Basilicata,2019,bambini,rischio,vita_sana,-0.523
Calabria,2019,bambini,rischio,vita_sana,0.036
Campania,2019,bambini,rischio,vita_sana,-0.671
Emilia-Romagna,2019,bambini,rischio,vita_sana,0.351
Friuli-Venezia Giulia,2019,bambini,rischio,vita_sana,0.632
Lazio,2019,bambini,rischio,vita_sana,0.437
Liguria,2019,bambini,rischio,vita_sana,0.144
Lombardia,2019,bambini,rischio,vita_sana,0.208
Marche,2019,bambini,rischio,vita_sana,0.86
Molise,2019,bambini,rischio,vita_sana,-0.831
Piemonte,2019,bambini,rischio,vita_sana,0.219
Puglia,2019,bambini,rischio,vita_sana,-0.938
Sardegna,2019,bambini,rischio,vita_sana,-0.749
Sicilia,2019,bambini,rischio,vita_sana,-0.907
Toscana,2019,bambini,rischio,vita_sana,0.599
Trentino-Alto Adige/Südtirol,2019,bambini,rischio,vita_sana,0.811
Umbria,2019,bambini,rischio,vita_sana,-0.014
Valle d'Aosta/Vallée d'Aoste,2019,bambini,rischio,vita_sana,0.808
Veneto,2019,bambini,rischio,vita_sana,0.245
Abruzzo,2019,totale,rischio,totale,-0.23
Basilicata,2019,totale,rischio,totale,-0.25
Calabria,2019,totale,rischio,totale,-0.749
Campania,2019,totale,rischio,totale,-1.215
Emilia-Romagna,2019,totale,rischio,totale,0.481
Friuli-Venezia Giulia,2019,totale,rischio,totale,0.6
Lazio,2019,totale,rischio,totale,0.153
Liguria,2019,totale,rischio,totale,0.197
Lombardia,2019,totale,rischio,totale,0.43
Marche,2019,totale,rischio,totale,0.193
Molise,2019,totale,rischio,totale,-0.128
Piemonte,2019,totale,rischio,totale,0.216
Puglia,2019,totale,rischio,totale,-0.875
Sardegna,2019,totale,rischio,totale,-0.458
Sicilia,2019,totale,rischio,totale,-1.043
Toscana,2019,totale,rischio,totale,0.341
Trentino-Alto Adige/Südtirol,2019,totale,rischio,totale,1.047
Umbria,2019,totale,rischio,totale,0.161
Valle d'Aosta/Vallée d'Aoste,2019,totale,rischio,totale,0.342
Veneto,2019,totale,rischio,totale,0.492
Abruzzo,2019,adulti,servizi,accedere_risorse,-0.635
Basilicata,2019,adulti,servizi,accedere_risorse,-0.725
Calabria,2019,adulti,servizi,accedere_risorse,-0.624
Campania,2019,adulti,servizi,accedere_risorse,-0.741
Emilia-Romagna,2019,adulti,servizi,accedere_risorse,1.062
Friuli-Venezia Giulia,2019,adulti,servizi,accedere_risorse,1.552
Lazio,2019,adulti,servizi,accedere_risorse,-0.132
Liguria,2019,adulti,servizi,accedere_risorse,-0.596
Lombardia,2019,adulti,servizi,accedere_risorse,0.095
Marche,2019,adulti,servizi,accedere_risorse,-0.167
Molise,2019,adulti,servizi,accedere_risorse,-0.502
Piemonte,2019,adulti,servizi,accedere_risorse,0.566
Puglia,2019,adulti,servizi,accedere_risorse,-0.649
Sardegna,2019,adulti,servizi,accedere_risorse,-0.39
Sicilia,2019,adulti,servizi,accedere_risorse,-0.808
Toscana,2019,adulti,servizi,accedere_risorse,-0.182
Trentino-Alto Adige/Südtirol,2019,adulti,servizi,accedere_risorse,2.3
Umbria,2019,adulti,servizi,accedere_risorse,-0.243
Valle d'Aosta/Vallée d'Aoste,2019,adulti,servizi,accedere_risorse,-0.649
Veneto,2019,adulti,servizi,accedere_risorse,1.47
Abruzzo,2019,adulti,servizi,conoscenza_sapere,-1.161
Basilicata,2019,adulti,servizi,conoscenza_sapere,0.461
Calabria,2019,adulti,servizi,conoscenza_sapere,-0.926
Campania,2019,adulti,servizi,conoscenza_sapere,-0.972
Emilia-Romagna,2019,adulti,servizi,conoscenza_sapere,0.846
Friuli-Venezia Giulia,2019,adulti,servizi,conoscenza_sapere,1.42
Lazio,2019,adulti,servizi,conoscenza_sapere,1.262
Liguria,2019,adulti,servizi,conoscenza_sapere,0.513
Lombardia,2019,adulti,servizi,conoscenza_sapere,-0.459
Marche,2019,adulti,servizi,conoscenza_sapere,-0.688
Molise,2019,adulti,servizi,conoscenza_sapere,1.414
Piemonte,2019,adulti,servizi,conoscenza_sapere,-0.75
Puglia,2019,adulti,servizi,conoscenza_sapere,-1.71
Sardegna,2019,adulti,servizi,conoscenza_sapere,0.568
Sicilia,2019,adulti,servizi,conoscenza_sapere,-1.782
Toscana,2019,adulti,servizi,conoscenza_sapere,1.318
Trentino-Alto Adige/Südtirol,2019,adulti,servizi,conoscenza_sapere,0.62
Umbria,2019,adulti,servizi,conoscenza_sapere,0.411
Valle d'Aosta/Vallée d'Aoste,2019,adulti,servizi,conoscenza_sapere,-0.288
Veneto,2019,adulti,servizi,conoscenza_sapere,-0.096
Abruzzo,2019,adulti,servizi,cura,-0.282
Basilicata,2019,adulti,servizi,cura,-0.068
Calabria,2019,adulti,servizi,cura,-0.902
Campania,2019,adulti,servizi,cura,-0.906
Emilia-Romagna,2019,adulti,servizi,cura,1.571
Friuli-Venezia Giulia,2019,adulti,servizi,cura,-0.305
Lazio,2019,adulti,servizi,cura,-0.111
Liguria,2019,adulti,servizi,cura,0.078
Lombardia,2019,adulti,servizi,cura,-0.048
Marche,2019,adulti,servizi,cura,-0.318
Molise,2019,adulti,servizi,cura,-0.497
Piemonte,2019,adulti,servizi,cura,0.388
Puglia,2019,adulti,servizi,cura,-0.162
Sardegna,2019,adulti,servizi,cura,-0.036
Sicilia,2019,adulti,servizi,cura,-0.161
Toscana,2019,adulti,servizi,cura,-0.015
Trentino-Alto Adige/Südtirol,2019,adulti,servizi,cura,0.258
Umbria,2019,adulti,servizi,cura,0.421
Valle d'Aosta/Vallée d'Aoste,2019,adulti,servizi,cura,0.634
Veneto,2019,adulti,servizi,cura,0.46
Abruzzo,2019,adulti,servizi,lavorare,-0.889
Basilicata,2019,adulti,servizi,lavorare,-0.649
Calabria,2019,adulti,servizi,lavorare,-1.023
Campania,2019,adulti,servizi,lavorare,-0.958
Emilia-Romagna,2019,adulti,servizi,lavorare,2.063
Friuli-Venezia Giulia,2019,adulti,servizi,lavorare,0.569
Lazio,2019,adulti,servizi,lavorare,-0.823
Liguria,2019,adulti,servizi,lavorare,-0.136
Lombardia,2019,adulti,servizi,lavorare,0.801
Marche,2019,adulti,servizi,lavorare,-0.775
Molise,2019,adulti,servizi,lavorare,1.213
Piemonte,2019,adulti,servizi,lavorare,0.456
Puglia,2019,adulti,servizi,lavorare,-0.604
Sardegna,2019,adulti,servizi,lavorare,1.791
Sicilia,2019,adulti,servizi,lavorare,-0.482
Toscana,2019,adulti,servizi,lavorare,-0.303
Trentino-Alto Adige/Südtirol,2019,adulti,servizi,lavorare,-1.034
Umbria,2019,adulti,servizi,lavorare,-0.19
Valle d'Aosta/Vallée d'Aoste,2019,adulti,servizi,lavorare,-0.767
Veneto,2019,adulti,servizi,lavorare,1.742
Abruzzo,2019,adulti,servizi,vita_sana,0.052
Basilicata,2019,adulti,servizi,vita_sana,-0.23
Calabria,2019,adulti,servizi,vita_sana,-1.215
Campania,2019,adulti,servizi,vita_sana,-0.997
Emilia-Romagna,2019,adulti,servizi,vita_sana,0.024
Friuli-Venezia Giulia,2019,adulti,servizi,vita_sana,-0.171
Lazio,2019,adulti,servizi,vita_sana,-0.499
Liguria,2019,adulti,servizi,vita_sana,1.361
Lombardia,2019,adulti,servizi,vita_sana,-0.043
Marche,2019,adulti,servizi,vita_sana,0.832
Molise,2019,adulti,servizi,vita_sana,0.182
Piemonte,2019,adulti,servizi,vita_sana,0.199
Puglia,2019,adulti,servizi,vita_sana,-0.298
Sardegna,2019,adulti,servizi,vita_sana,-0.382
Sicilia,2019,adulti,servizi,vita_sana,-0.887
Toscana,2019,adulti,servizi,vita_sana,0.341
Trentino-Alto Adige/Südtirol,2019,adulti,servizi,vita_sana,0.069
Umbria,2019,adulti,servizi,vita_sana,0.505
Valle d'Aosta/Vallée d'Aoste,2019,adulti,servizi,vita_sana,0.822
Veneto,2019,adulti,servizi,vita_sana,0.336
Abruzzo,2019,adulti,servizi,vita_sicura,-0.177
Basilicata,2019,adulti,servizi,vita_sicura,-0.876
Calabria,2019,adulti,servizi,vita_sicura,-0.42
Campania,2019,adulti,servizi,vita_sicura,0.029
Emilia-Romagna,2019,adulti,servizi,vita_sicura,0.968
Friuli-Venezia Giulia,2019,adulti,servizi,vita_sicura,0.308
Lazio,2019,adulti,servizi,vita_sicura,-0.971
Liguria,2019,adulti,servizi,vita_sicura,0.015
Lombardia,2019,adulti,servizi,vita_sicura,-0.352
Marche,2019,adulti,servizi,vita_sicura,1.047
Molise,2019,adulti,servizi,vita_sicura,-0.6
Piemonte,2019,adulti,servizi,vita_sicura,-0.994
Puglia,2019,adulti,servizi,vita_sicura,-0.676
Sardegna,2019,adulti,servizi,vita_sicura,0.45
Sicilia,2019,adulti,servizi,vita_sicura,0.168
Toscana,2019,adulti,servizi,vita_sicura,0.178
Trentino-Alto Adige/Südtirol,2019,adulti,servizi,vita_sicura,0.182
Umbria,2019,adulti,servizi,vita_sicura,0.696
Valle d'Aosta/Vallée d'Aoste,2019,adulti,servizi,vita_sicura,0.83
Veneto,2019,adulti,servizi,vita_sicura,0.195
Abruzzo,2019,bambini,servizi,cura,-0.537
Basilicata,2019,bambini,servizi,cura,-0.337
Calabria,2019,bambini,servizi,cura,-0.814
Campania,2019,bambini,servizi,cura,-1.084
Emilia-Romagna,2019,bambini,servizi,cura,0.538
Friuli-Venezia Giulia,2019,bambini,servizi,cura,0.114
Lazio,2019,bambini,servizi,cura,-0.643
Liguria,2019,bambini,servizi,cura,1.116
Lombardia,2019,bambini,servizi,cura,-0.37
Marche,2019,bambini,servizi,cura,-0.032
Molise,2019,bambini,servizi,cura,-0.192
Piemonte,2019,bambini,servizi,cura,0.734
Puglia,2019,bambini,servizi,cura,-0.67
Sardegna,2019,bambini,servizi,cura,0.22
Sicilia,2019,bambini,servizi,cura,-0.216
Toscana,2019,bambini,servizi,cura,0.46
Trentino-Alto Adige/Südtirol,2019,bambini,servizi,cura,0.055
Umbria,2019,bambini,servizi,cura,0.689
Valle d'Aosta/Vallée d'Aoste,2019,bambini,servizi,cura,0.512
Veneto,2019,bambini,servizi,cura,0.458
Abruzzo,2019,bambini,servizi,vita_sana,0.68
Basilicata,2019,bambini,servizi,vita_sana,-0.336
Calabria,2019,bambini,servizi,vita_sana,-0.023
Campania,2019,bambini,servizi,vita_sana,-0.769
Emilia-Romagna,2019,bambini,servizi,vita_sana,0.353
Friuli-Venezia Giulia,2019,bambini,servizi,vita_sana,-0.925
Lazio,2019,bambini,servizi,vita_sana,0.384
Liguria,2019,bambini,servizi,vita_sana,-0.175
Lombardia,2019,bambini,servizi,vita_sana,-0.823
Marche,2019,bambini,servizi,vita_sana,-0.486
Molise,2019,bambini,servizi,vita_sana,-0.386
Piemonte,2019,bambini,servizi,vita_sana,-0.929
Puglia,2019,bambini,servizi,vita_sana,0.09
Sardegna,2019,bambini,servizi,vita_sana,1.298
Sicilia,2019,bambini,servizi,vita_sana,0.328
Toscana,2019,bambini,servizi,vita_sana,1.01
Trentino-Alto Adige/Südtirol,2019,bambini,servizi,vita_sana,-0.344
Umbria,2019,bambini,servizi,vita_sana,0.353
Valle d'Aosta/Vallée d'Aoste,2019,bambini,servizi,vita_sana,1.265
Veneto,2019,bambini,servizi,vita_sana,-0.567
Abruzzo,2019,totale,servizi,totale,-0.369
Basilicata,2019,totale,servizi,totale,-0.345
Calabria,2019,totale,servizi,totale,-0.743
Campania,2019,totale,servizi,totale,-0.8
Emilia-Romagna,2019,totale,servizi,totale,0.928
Friuli-Venezia Giulia,2019,totale,servizi,totale,0.32
Lazio,2019,totale,servizi,totale,-0.192
Liguria,2019,totale,servizi,totale,0.272
Lombardia,2019,totale,servizi,totale,-0.15
Marche,2019,totale,servizi,totale,-0.073
Molise,2019,totale,servizi,totale,0.079
Piemonte,2019,totale,servizi,totale,-0.041
Puglia,2019,totale,servizi,totale,-0.585
Sardegna,2019,totale,servizi,totale,0.44
Sicilia,2019,totale,servizi,totale,-0.48
Toscana,2019,totale,servizi,totale,0.351
Trentino-Alto Adige/Südtirol,2019,totale,servizi,totale,0.263
Umbria,2019,totale,servizi,totale,0.33
Valle d'Aosta/Vallée d'Aoste,2019,totale,servizi,totale,0.295
Veneto,2019,totale,servizi,totale,0.5
Abruzzo,2019,totale,totale,totale,-0.359
Basilicata,2019,totale,totale,totale,-0.314
Calabria,2019,totale,totale,totale,-0.822
Campania,2019,totale,totale,totale,-1.023
Emilia-Romagna,2019,totale,totale,totale,0.792
Friuli-Venezia Giulia,2019,totale,totale,totale,0.551
Lazio,2019,totale,totale,totale,-0.039
Liguria,2019,totale,totale,totale,0.192
Lombardia,2019,totale,totale,totale,0.169
Marche,2019,totale,totale,totale,0.059
Molise,2019,totale,totale,totale,0.01
Piemonte,2019,totale,totale,totale,0.093
Puglia,2019,totale,totale,totale,-0.808
Sardegna,2019,totale,totale,totale,0.03
Sicilia,2019,totale,totale,totale,-0.831
Toscana,2019,totale,totale,totale,0.339
Trentino-Alto Adige/Südtirol,2019,totale,totale,totale,0.685
Umbria,2019,totale,totale,totale,0.279
Valle d'Aosta/Vallée d'Aoste,2019,totale,totale,totale,0.26
Veneto,2019,totale,totale,totale,0.563
Abruzzo,2020,adulti,rischio,accedere_risorse,-0.065
Basilicata,2020,adulti,rischio,accedere_risorse,-0.485
Calabria,2020,adulti,rischio,accedere_risorse,-0.972
Campania,2020,adulti,rischio,accedere_risorse,-1.532
Emilia-Romagna,2020,adulti,rischio,accedere_risorse,0.786
Friuli-Venezia Giulia,2020,adulti,rischio,accedere_risorse,0.607
Lazio,2020,adulti,rischio,accedere_risorse,-0.251
Liguria,2020,adulti,rischio,accedere_risorse,0.46
Lombardia,2020,adulti,rischio,accedere_risorse,0.766
Marche,2020,adulti,rischio,accedere_risorse,0.087
Molise,2020,adulti,rischio,accedere_risorse,-0.349
Piemonte,2020,adulti,rischio,accedere_risorse,0.49
Puglia,2020,adulti,rischio,accedere_risorse,-0.523
Sardegna,2020,adulti,rischio,accedere_risorse,-1.079
Sicilia,2020,adulti,rischio,accedere_risorse,-1.194
Toscana,2020,adulti,rischio,accedere_risorse,0.515
Trentino-Alto Adige/Südtirol,2020,adulti,rischio,accedere_risorse,0.381
Umbria,2020,adulti,rischio,accedere_risorse,-0.042
Valle d'Aosta/Vallée d'Aoste,2020,adulti,rischio,accedere_risorse,0.846
Veneto,2020,adulti,rischio,accedere_risorse,0.952
Abruzzo,2020,adulti,rischio,conoscenza_sapere,-0.016
Basilicata,2020,adulti,rischio,conoscenza_sapere,-0.542
Calabria,2020,adulti,rischio,conoscenza_sapere,-1.993
Campania,2020,adulti,rischio,conoscenza_sapere,-1.743
Emilia-Romagna,2020,adulti,rischio,conoscenza_sapere,0.692
Friuli-Venezia Giulia,2020,adulti,rischio,conoscenza_sapere,0.792
Lazio,2020,adulti,rischio,conoscenza_sapere,0.751
Liguria,2020,adulti,rischio,conoscenza_sapere,0.81
Lombardia,2020,adulti,rischio,conoscenza_sapere,0.715
Marche,2020,adulti,rischio,conoscenza_sapere,0.051
Molise,2020,adulti,rischio,conoscenza_sapere,-0.123
Piemonte,2020,adulti,rischio,conoscenza_sapere,0.718
Puglia,2020,adulti,rischio,conoscenza_sapere,-1.295
Sardegna,2020,adulti,rischio,conoscenza_sapere,-0.717
Sicilia,2020,adulti,rischio,conoscenza_sapere,-1.483
Toscana,2020,adulti,rischio,conoscenza_sapere,0.194
Trentino-Alto Adige/Südtirol,2020,adulti,rischio,conoscenza_sapere,1.112
Umbria,2020,adulti,rischio,conoscenza_sapere,0.508
Valle d'Aosta/Vallée d'Aoste,2020,adulti,rischio,conoscenza_sapere,1.036
Veneto,2020,adulti,rischio,conoscenza_sapere,0.532
Abruzzo,2020,adulti,rischio,cura,-0.194
Basilicata,2020,adulti,rischio,cura,0.331
Calabria,2020,adulti,rischio,cura,-0.26
Campania,2020,adulti,rischio,cura,-1.821
Emilia-Romagna,2020,adulti,rischio,cura,0.464
Friuli-Venezia Giulia,2020,adulti,rischio,cura,0.477
Lazio,2020,adulti,rischio,cura,-0.442
Liguria,2020,adulti,rischio,cura,0.276
Lombardia,2020,adulti,rischio,cura,0.512
Marche,2020,adulti,rischio,cura,0.097
Molise,2020,adulti,rischio,cura,-0.154
Piemonte,2020,adulti,rischio,cura,0.123
Puglia,2020,adulti,rischio,cura,-0.792
Sardegna,2020,adulti,rischio,cura,0.359
Sicilia,2020,adulti,rischio,cura,-1.235
Toscana,2020,adulti,rischio,cura,0.259
Trentino-Alto Adige/Südtirol,2020,adulti,rischio,cura,0.807
Umbria,2020,adulti,rischio,cura,0.198
Valle d'Aosta/Vallée d'Aoste,2020,adulti,rischio,cura,0.468
Veneto,2020,adulti,rischio,cura,0.526
Abruzzo,2020,adulti,rischio,lavorare,-0.273
Basilicata,2020,adulti,rischio,lavorare,-0.65
Calabria,2020,adulti,rischio,lavorare,-1.555
Campania,2020,adulti,rischio,lavorare,-1.636
Emilia-Romagna,2020,adulti,rischio,lavorare,0.981
Friuli-Venezia Giulia,2020,adulti,rischio,lavorare,0.831
Lazio,2020,adulti,rischio,lavorare,-0.233
Liguria,2020,adulti,rischio,lavorare,0.332
Lombardia,2020,adulti,rischio,lavorare,0.735
Marche,2020,adulti,rischio,lavorare,0.554
Molise,2020,adulti,rischio,lavorare,-0.518
Piemonte,2020,adulti,rischio,lavorare,0.405
Puglia,2020,adulti,rischio,lavorare,-0.702
Sardegna,2020,adulti,rischio,lavorare,-0.681
Sicilia,2020,adulti,rischio,lavorare,-1.895
Toscana,2020,adulti,rischio,lavorare,0.733
Trentino-Alto Adige/Südtirol,2020,adulti,rischio,lavorare,1.438
Umbria,2020,adulti,rischio,lavorare,0.241
Valle d'Aosta/Vallée d'Aoste,2020,adulti,rischio,lavorare,0.928
Veneto,2020,adulti,rischio,lavorare,0.964
Abruzzo,2020,adulti,rischio,vita_sana,0.121
Basilicata,2020,adulti,rischio,vita_sana,-0.333
Calabria,2020,adulti,rischio,vita_sana,-0.199
Campania,2020,adulti,rischio,vita_sana,-0.257
Emilia-Romagna,2020,adulti,rischio,vita_sana,-0.015
Friuli-Venezia Giulia,2020,adulti,rischio,vita_sana,0.323
Lazio,2020,adulti,rischio,vita_sana,0.275
Liguria,2020,adulti,rischio,vita_sana,0.528
Lombardia,2020,adulti,rischio,vita_sana,0.509
Marche,2020,adulti,rischio,vita_sana,-0.647
Molise,2020,adulti,rischio,vita_sana,0.617
Piemonte,2020,adulti,rischio,vita_sana,-0.545
Puglia,2020,adulti,rischio,vita_sana,0.087
Sardegna,2020,adulti,rischio,vita_sana,-0.243
Sicilia,2020,adulti,rischio,vita_sana,0.206
Toscana,2020,adulti,rischio,vita_sana,-0.246
Trentino-Alto Adige/Südtirol,2020,adulti,rischio,vita_sana,0.686
Umbria,2020,adulti,rischio,vita_sana,-0.594
Valle d'Aosta/Vallée d'Aoste,2020,adulti,rischio,vita_sana,-0.683
Veneto,2020,adulti,rischio,vita_sana,0.41
Abruzzo,2020,adulti,rischio,vita_sicura,-0.242
Basilicata,2020,adulti,rischio,vita_sicura,-0.514
Calabria,2020,adulti,rischio,vita_sicura,-0.486
Campania,2020,adulti,rischio,vita_sicura,-1.066
Emilia-Romagna,2020,adulti,rischio,vita_sicura,0.224
Friuli-Venezia Giulia,2020,adulti,rischio,vita_sicura,0.678
Lazio,2020,adulti,rischio,vita_sicura,-0.591
Liguria,2020,adulti,rischio,vita_sicura,0.35
Lombardia,2020,adulti,rischio,vita_sicura,0.249
Marche,2020,adulti,rischio,vita_sicura,0.139
Molise,2020,adulti,rischio,vita_sicura,-0.546
Piemonte,2020,adulti,rischio,vita_sicura,0.256
Puglia,2020,adulti,rischio,vita_sicura,-0.673
Sardegna,2020,adulti,rischio,vita_sicura,0.341
Sicilia,2020,adulti,rischio,vita_sicura,-0.297
Toscana,2020,adulti,rischio,vita_sicura,0.265
Trentino-Alto Adige/Südtirol,2020,adulti,rischio,vita_sicura,1.248
Umbria,2020,adulti,rischio,vita_sicura,0.202
Valle d'Aosta/Vallée d'Aoste,2020,adulti,rischio,vita_sicura,0.203
Veneto,2020,adulti,rischio,vita_sicura,0.26
Abruzzo,2020,bambini,rischio,vita_sana,-0.68
Basilicata,2020,bambini,rischio,vita_sana,-0.554
Calabria,2020,bambini,rischio,vita_sana,-0.12
Campania,2020,bambini,rischio,vita_sana,-0.58
Emilia-Romagna,2020,bambini,rischio,vita_sana,0.459
Friuli-Venezia Giulia,2020,bambini,rischio,vita_sana,0.6
Lazio,2020,bambini,rischio,vita_sana,0.527
Liguria,2020,bambini,rischio,vita_sana,0.092
Lombardia,2020,bambini,rischio,vita_sana,0.085
Marche,2020,bambini,rischio,vita_sana,0.672
Molise,2020,bambini,rischio,vita_sana,-0.812
Piemonte,2020,bambini,rischio,vita_sana,0.32
Puglia,2020,bambini,rischio,vita_sana,-0.937
Sardegna,2020,bambini,rischio,vita_sana,-0.72
Sicilia,2020,bambini,rischio,vita_sana,-0.986
Toscana,2020,bambini,rischio,vita_sana,0.48
Trentino-Alto Adige/Südtirol,2020,bambini,rischio,vita_sana,0.928
Umbria,2020,bambini,rischio,vita_sana,0.276
Valle d'Aosta/Vallée d'Aoste,2020,bambini,rischio,vita_sana,0.754
Veneto,2020,bambini,rischio,vita_sana,0.194
Abruzzo,2020,totale,rischio,totale,-0.193
Basilicata,2020,totale,rischio,totale,-0.392
Calabria,2020,totale,rischio,totale,-0.798
Campania,2020,totale,rischio,totale,-1.234
Emilia-Romagna,2020,totale,rischio,totale,0.513
Friuli-Venezia Giulia,2020,totale,rischio,totale,0.615
Lazio,2020,totale,rischio,totale,0.005
Liguria,2020,totale,rischio,totale,0.407
Lombardia,2020,totale,rischio,totale,0.51
Marche,2020,totale,rischio,totale,0.136
Molise,2020,totale,rischio,totale,-0.269
Piemonte,2020,totale,rischio,totale,0.252
Puglia,2020,totale,rischio,totale,-0.691
Sardegna,2020,totale,rischio,totale,-0.391
Sicilia,2020,totale,rischio,totale,-0.983
Toscana,2020,totale,rischio,totale,0.314
Trentino-Alto Adige/Südtirol,2020,totale,rischio,totale,0.943
Umbria,2020,totale,rischio,totale,0.113
Valle d'Aosta/Vallée d'Aoste,2020,totale,rischio,totale,0.507
Veneto,2020,totale,rischio,totale,0.548
Abruzzo,2020,adulti,servizi,accedere_risorse,-0.91
Basilicata,2020,adulti,servizi,accedere_risorse,-0.835
Calabria,2020,adulti,servizi,accedere_risorse,-0.771
Campania,2020,adulti,servizi,accedere_risorse,-0.91
Emilia-Romagna,2020,adulti,servizi,accedere_risorse,1.146
Friuli-Venezia Giulia,2020,adulti,servizi,accedere_risorse,1.561
Lazio,2020,adulti,servizi,accedere_risorse,-0.202
Liguria,2020,adulti,servizi,accedere_risorse,-0.448
Lombardia,2020,adulti,servizi,accedere_risorse,0.194
Marche,2020,adulti,servizi,accedere_risorse,0.249
Molise,2020,adulti,servizi,accedere_risorse,-0.298
Piemonte,2020,adulti,servizi,accedere_risorse,0.22
Puglia,2020,adulti,servizi,accedere_risorse,-0.609
Sardegna,2020,adulti,servizi,accedere_risorse,0.253
Sicilia,2020,adulti,servizi,accedere_risorse,-0.927
Toscana,2020,adulti,servizi,accedere_risorse,0.122
Trentino-Alto Adige/Südtirol,2020,adulti,servizi,accedere_risorse,2.491
Umbria,2020,adulti,servizi,accedere_risorse,-0.217
Valle d'Aosta/Vallée d'Aoste,2020,adulti,servizi,accedere_risorse,-0.836
Veneto,2020,adulti,servizi,accedere_risorse,0.729
Abruzzo,2020,adulti,servizi,conoscenza_sapere,0.155
Basilicata,2020,adulti,servizi,conoscenza_sapere,0.936
Calabria,2020,adulti,servizi,conoscenza_sapere,-1.461
Campania,2020,adulti,servizi,conoscenza_sapere,-1.29
Emilia-Romagna,2020,adulti,servizi,conoscenza_sapere,0.395
Friuli-Venezia Giulia,2020,adulti,servizi,conoscenza_sapere,1.126
Lazio,2020,adulti,servizi,conoscenza_sapere,0.124
Liguria,2020,adulti,servizi,conoscenza_sapere,0.273
Lombardia,2020,adulti,servizi,conoscenza_sapere,-0.604
Marche,2020,adulti,servizi,conoscenza_sapere,0.671
Molise,2020,adulti,servizi,conoscenza_sapere,1.621
Piemonte,2020,adulti,servizi,conoscenza_sapere,-0.353
Puglia,2020,adulti,servizi,conoscenza_sapere,-1.752
Sardegna,2020,adulti,servizi,conoscenza_sapere,0.115
Sicilia,2020,adulti,servizi,conoscenza_sapere,-1.87
Toscana,2020,adulti,servizi,conoscenza_sapere,1.397
Trentino-Alto Adige/Südtirol,2020,adulti,servizi,conoscenza_sapere,1.084
Umbria,2020,adulti,servizi,conoscenza_sapere,0.304
Valle d'Aosta/Vallée d'Aoste,2020,adulti,servizi,conoscenza_sapere,-0.579
Veneto,2020,adulti,servizi,conoscenza_sapere,-0.294
Abruzzo,2020,adulti,servizi,cura,-0.221
Basilicata,2020,adulti,servizi,cura,-0.164
Calabria,2020,adulti,servizi,cura,-0.743
Campania,2020,adulti,servizi,cura,-0.843
Emilia-Romagna,2020,adulti,servizi,cura,1.694
Friuli-Venezia Giulia,2020,adulti,servizi,cura,-0.27
Lazio,2020,adulti,servizi,cura,-0.162
Liguria,2020,adulti,servizi,cura,0.312
Lombardia,2020,adulti,servizi,cura,-0.046
Marche,2020,adulti,servizi,cura,-0.64
Molise,2020,adulti,servizi,cura,-0.543
Piemonte,2020,adulti,servizi,cura,0.256
Puglia,2020,adulti,servizi,cura,-0.248
Sardegna,2020,adulti,servizi,cura,0.002
Sicilia,2020,adulti,servizi,cura,-0.258
Toscana,2020,adulti,servizi,cura,0.114
Trentino-Alto Adige/Südtirol,2020,adulti,servizi,cura,0.146
Umbria,2020,adulti,servizi,cura,0.575
Valle d'Aosta/Vallée d'Aoste,2020,adulti,servizi,cura,0.634
Veneto,2020,adulti,servizi,cura,0.668
Abruzzo,2020,adulti,servizi,lavorare,-0.568
Basilicata,2020,adulti,servizi,lavorare,-0.727
Calabria,2020,adulti,servizi,lavorare,-0.885
Campania,2020,adulti,servizi,lavorare,-0.807
Emilia-Romagna,2020,adulti,servizi,lavorare,2.148
Friuli-Venezia Giulia,2020,adulti,servizi,lavorare,0.036
Lazio,2020,adulti,servizi,lavorare,-0.559
Liguria,2020,adulti,servizi,lavorare,0.086
Lombardia,2020,adulti,servizi,lavorare,0.309
Marche,2020,adulti,servizi,lavorare,-0.762
Molise,2020,adulti,servizi,lavorare,-0.292
Piemonte,2020,adulti,servizi,lavorare,2.445
Puglia,2020,adulti,servizi,lavorare,-0.54
Sardegna,2020,adulti,servizi,lavorare,1.224
Sicilia,2020,adulti,servizi,lavorare,-0.459
Toscana,2020,adulti,servizi,lavorare,-0.261
Trentino-Alto Adige/Südtirol,2020,adulti,servizi,lavorare,-0.799
Umbria,2020,adulti,servizi,lavorare,-0.438
Valle d'Aosta/Vallée d'Aoste,2020,adulti,servizi,lavorare,-0.756
Veneto,2020,adulti,servizi,lavorare,1.604
Abruzzo,2020,adulti,servizi,vita_sana,-0.154
Basilicata,2020,adulti,servizi,vita_sana,-0.617
Calabria,2020,adulti,servizi,vita_sana,-0.981
Campania,2020,adulti,servizi,vita_sana,-1.147
Emilia-Romagna,2020,adulti,servizi,vita_sana,0.113
Friuli-Venezia Giulia,2020,adulti,servizi,vita_sana,-0.229
Lazio,2020,adulti,servizi,vita_sana,-0.514
Liguria,2020,adulti,servizi,vita_sana,1.287
Lombardia,2020,adulti,servizi,vita_sana,-0.027
Marche,2020,adulti,servizi,vita_sana,0.913
Molise,2020,adulti,servizi,vita_sana,-0.064
Piemonte,2020,adulti,servizi,vita_sana,0.42
Puglia,2020,adulti,servizi,vita_sana,-0.202
Sardegna,2020,adulti,servizi,vita_sana,-0.403
Sicilia,2020,adulti,servizi,vita_sana,-0.853
Toscana,2020,adulti,servizi,vita_sana,0.702
Trentino-Alto Adige/Südtirol,2020,adulti,servizi,vita_sana,0.082
Umbria,2020,adulti,servizi,vita_sana,0.476
Valle d'Aosta/Vallée d'Aoste,2020,adulti,servizi,vita_sana,0.62
Veneto,2020,adulti,servizi,vita_sana,0.577
Abruzzo,2020,adulti,servizi,vita_sicura,0.003
Basilicata,2020,adulti,servizi,vita_sicura,-0.659
Calabria,2020,adulti,servizi,vita_sicura,-0.717
Campania,2020,adulti,servizi,vita_sicura,-0.304
Emilia-Romagna,2020,adulti,servizi,vita_sicura,0.748
Friuli-Venezia Giulia,2020,adulti,servizi,vita_sicura,0.41
Lazio,2020,adulti,servizi,vita_sicura,-0.971
Liguria,2020,adulti,servizi,vita_sicura,0.258
Lombardia,2020,adulti,servizi,vita_sicura,-0.137
Marche,2020,adulti,servizi,vita_sicura,-0.003
Molise,2020,adulti,servizi,vita_sicura,-0.41
Piemonte,2020,adulti,servizi,vita_sicura,-0.717
Puglia,2020,adulti,servizi,vita_sicura,-0.557
Sardegna,2020,adulti,servizi,vita_sicura,0.441
Sicilia,2020,adulti,servizi,vita_sicura,0.198
Toscana,2020,adulti,servizi,vita_sicura,0.223
Trentino-Alto Adige/Südtirol,2020,adulti,servizi,vita_sicura,0.121
Umbria,2020,adulti,servizi,vita_sicura,1.902
Valle d'Aosta/Vallée d'Aoste,2020,adulti,servizi,vita_sicura,0.264
Veneto,2020,adulti,servizi,vita_sicura,-0.095
Abruzzo,2020,bambini,servizi,cura,-0.56
Basilicata,2020,bambini,servizi,cura,-0.251
Calabria,2020,bambini,servizi,cura,-0.809
Campania,2020,bambini,servizi,cura,-1.077
Emilia-Romagna,2020,bambini,servizi,cura,0.392
Friuli-Venezia Giulia,2020,bambini,servizi,cura,0.013
Lazio,2020,bambini,servizi,cura,-0.742
Liguria,2020,bambini,servizi,cura,1.141
Lombardia,2020,bambini,servizi,cura,-0.269
Marche,2020,bambini,servizi,cura,0.071
Molise,2020,bambini,servizi,cura,-0.211
Piemonte,2020,bambini,servizi,cura,0.83
Puglia,2020,bambini,servizi,cura,-0.663
Sardegna,2020,bambini,servizi,cura,0.323
Sicilia,2020,bambini,servizi,cura,-0.276
Toscana,2020,bambini,servizi,cura,0.324
Trentino-Alto Adige/Südtirol,2020,bambini,servizi,cura,0.044
Umbria,2020,bambini,servizi,cura,0.612
Valle d'Aosta/Vallée d'Aoste,2020,bambini,servizi,cura,0.694
Veneto,2020,bambini,servizi,cura,0.414
Abruzzo,2020,bambini,servizi,vita_sana,0.287
Basilicata,2020,bambini,servizi,vita_sana,-0.133
Calabria,2020,bambini,servizi,vita_sana,-0.091
Campania,2020,bambini,servizi,vita_sana,-0.706
Emilia-Romagna,2020,bambini,servizi,vita_sana,0.386
Friuli-Venezia Giulia,2020,bambini,servizi,vita_sana,-0.932
Lazio,2020,bambini,servizi,vita_sana,0.256
Liguria,2020,bambini,servizi,vita_sana,0.115
Lombardia,2020,bambini,servizi,vita_sana,-0.833
Marche,2020,bambini,servizi,vita_sana,-0.484
Molise,2020,bambini,servizi,vita_sana,-0.093
Piemonte,2020,bambini,servizi,vita_sana,-0.995
Puglia,2020,bambini,servizi,vita_sana,0.342
Sardegna,2020,bambini,servizi,vita_sana,1.219
Sicilia,2020,bambini,servizi,vita_sana,0.259
Toscana,2020,bambini,servizi,vita_sana,1.131
Trentino-Alto Adige/Südtirol,2020,bambini,servizi,vita_sana,-0.4
Umbria,2020,bambini,servizi,vita_sana,-0.025
Valle d'Aosta/Vallée d'Aoste,2020,bambini,servizi,vita_sana,1.217
Veneto,2020,bambini,servizi,vita_sana,-0.521
Abruzzo,2020,totale,servizi,totale,-0.246
Basilicata,2020,totale,servizi,totale,-0.306
Calabria,2020,totale,servizi,totale,-0.807
Campania,2020,totale,servizi,totale,-0.886
Emilia-Romagna,2020,totale,servizi,totale,0.878
Friuli-Venezia Giulia,2020,totale,servizi,totale,0.214
Lazio,2020,totale,servizi,totale,-0.346
Liguria,2020,totale,servizi,totale,0.378
Lombardia,2020,totale,servizi,totale,-0.177
Marche,2020,totale,servizi,totale,0.002
Molise,2020,totale,servizi,totale,-0.036
Piemonte,2020,totale,servizi,totale,0.263
Puglia,2020,totale,servizi,totale,-0.529
Sardegna,2020,totale,servizi,totale,0.397
Sicilia,2020,totale,servizi,totale,-0.523
Toscana,2020,totale,servizi,totale,0.469
Trentino-Alto Adige/Südtirol,2020,totale,servizi,totale,0.346
Umbria,2020,totale,servizi,totale,0.399
Valle d'Aosta/Vallée d'Aoste,2020,totale,servizi,totale,0.157
Veneto,2020,totale,servizi,totale,0.385
Abruzzo,2020,totale,totale,totale,-0.232
Basilicata,2020,totale,totale,totale,-0.363
Calabria,2020,totale,totale,totale,-0.895
Campania,2020,totale,totale,totale,-1.094
Emilia-Romagna,2020,totale,totale,totale,0.774
Friuli-Venezia Giulia,2020,totale,totale,totale,0.506
Lazio,2020,totale,totale,totale,-0.213
Liguria,2020,totale,totale,totale,0.357
Lombardia,2020,totale,totale,totale,0.185
Marche,2020,totale,totale,totale,0.075
Molise,2020,totale,totale,totale,-0.141
Piemonte,2020,totale,totale,totale,0.322
Puglia,2020,totale,totale,totale,-0.678
Sardegna,2020,totale,totale,totale,0.023
Sicilia,2020,totale,totale,totale,-0.816
Toscana,2020,totale,totale,totale,0.391
Trentino-Alto Adige/Südtirol,2020,totale,totale,totale,0.699
Umbria,2020,totale,totale,totale,0.287
Valle d'Aosta/Vallée d'Aoste,2020,totale,totale,totale,0.271
Veneto,2020,totale,totale,totale,0.505
Abruzzo,2021,adulti,rischio,accedere_risorse,-0.929
Basilicata,2021,adulti,rischio,accedere_risorse,0.195
Calabria,2021,adulti,rischio,accedere_risorse,-0.09
Campania,2021,adulti,rischio,accedere_risorse,-1.813
Emilia-Romagna,2021,adulti,rischio,accedere_risorse,0.485
Friuli-Venezia Giulia,2021,adulti,rischio,accedere_risorse,0.728
Lazio,2021,adulti,rischio,accedere_risorse,-0.044
Liguria,2021,adulti,rischio,accedere_risorse,0.305
Lombardia,2021,adulti,rischio,accedere_risorse,0.228
Marche,2021,adulti,rischio,accedere_risorse,0.163
Molise,2021,adulti,rischio,accedere_risorse,-0.601
Piemonte,2021,adulti,rischio,accedere_risorse,0.326
Puglia,2021,adulti,rischio,accedere_risorse,-0.483
Sardegna,2021,adulti,rischio,accedere_risorse,0.156
Sicilia,2021,adulti,rischio,accedere_risorse,-1.316
Toscana,2021,adulti,rischio,accedere_risorse,0.533
Trentino-Alto Adige/Südtirol,2021,adulti,rischio,accedere_risorse,0.542
Umbria,2021,adulti,rischio,accedere_risorse,0.507
Valle d'Aosta/Vallée d'Aoste,2021,adulti,rischio,accedere_risorse,0.479
Veneto,2021,adulti,rischio,accedere_risorse,0.631
Abruzzo,2021,adulti,rischio,conoscenza_sapere,0.419
Basilicata,2021,adulti,rischio,conoscenza_sapere,-0.117
Calabria,2021,adulti,rischio,conoscenza_sapere,-1.905
Campania,2021,adulti,rischio,conoscenza_sapere,-1.592
Emilia-Romagna,2021,adulti,rischio,conoscenza_sapere,0.871
Friuli-Venezia Giulia,2021,adulti,rischio,conoscenza_sapere,0.698
Lazio,2021,adulti,rischio,conoscenza_sapere,1.01
Liguria,2021,adulti,rischio,conoscenza_sapere,0.914
Lombardia,2021,adulti,rischio,conoscenza_sapere,0.772
Marche,2021,adulti,rischio,conoscenza_sapere,0.362
Molise,2021,adulti,rischio,conoscenza_sapere,-0.268
Piemonte,2021,adulti,rischio,conoscenza_sapere,0.005
Puglia,2021,adulti,rischio,conoscenza_sapere,-1.59
Sardegna,2021,adulti,rischio,conoscenza_sapere,-0.774
Sicilia,2021,adulti,rischio,conoscenza_sapere,-1.578
Toscana,2021,adulti,rischio,conoscenza_sapere,0.074
Trentino-Alto Adige/Südtirol,2021,adulti,rischio,conoscenza_sapere,1.199
Umbria,2021,adulti,rischio,conoscenza_sapere,0.702
Valle d'Aosta/Vallée d'Aoste,2021,adulti,rischio,conoscenza_sapere,0.646
Veneto,2021,adulti,rischio,conoscenza_sapere,0.152
Abruzzo,2021,adulti,rischio,cura,-0.226
Basilicata,2021,adulti,rischio,cura,0.191
Calabria,2021,adulti,rischio,cura,-0.554
Campania,2021,adulti,rischio,cura,-1.669
Emilia-Romagna,2021,adulti,rischio,cura,0.408
Friuli-Venezia Giulia,2021,adulti,rischio,cura,0.365
Lazio,2021,adulti,rischio,cura,-0.223
Liguria,2021,adulti,rischio,cura,0.354
Lombardia,2021,adulti,rischio,cura,0.533
Marche,2021,adulti,rischio,cura,-0.138
Molise,2021,adulti,rischio,cura,0.278
Piemonte,2021,adulti,rischio,cura,0.191
Puglia,2021,adulti,rischio,cura,-0.915
Sardegna,2021,adulti,rischio,cura,0.143
Sicilia,2021,adulti,rischio,cura,-1.068
Toscana,2021,adulti,rischio,cura,0.171
Trentino-Alto Adige/Südtirol,2021,adulti,rischio,cura,0.971
Umbria,2021,adulti,rischio,cura,0.34
Valle d'Aosta/Vallée d'Aoste,2021,adulti,rischio,cura,0.402
Veneto,2021,adulti,rischio,cura,0.445
Abruzzo,2021,adulti,rischio,lavorare,-0.063
Basilicata,2021,adulti,rischio,lavorare,-0.306
Calabria,2021,adulti,rischio,lavorare,-1.464
Campania,2021,adulti,rischio,lavorare,-1.726
Emilia-Romagna,2021,adulti,rischio,lavorare,1.012
Friuli-Venezia Giulia,2021,adulti,rischio,lavorare,0.791
Lazio,2021,adulti,rischio,lavorare,-0.203
Liguria,2021,adulti,rischio,lavorare,0.136
Lombardia,2021,adulti,rischio,lavorare,0.713
Marche,2021,adulti,rischio,lavorare,0.527
Molise,2021,adulti,rischio,lavorare,-0.826
Piemonte,2021,adulti,rischio,lavorare,0.416
Puglia,2021,adulti,rischio,lavorare,-0.744
Sardegna,2021,adulti,rischio,lavorare,-0.744
Sicilia,2021,adulti,rischio,lavorare,-1.938
Toscana,2021,adulti,rischio,lavorare,0.58
Trentino-Alto Adige/Südtirol,2021,adulti,rischio,lavorare,1.359
Umbria,2021,adulti,rischio,lavorare,0.378
Valle d'Aosta/Vallée d'Aoste,2021,adulti,rischio,lavorare,1.097
Veneto,2021,adulti,rischio,lavorare,1.006
Abruzzo,2021,adulti,rischio,vita_sana,-0.088
Basilicata,2021,adulti,rischio,vita_sana,0.066
Calabria,2021,adulti,rischio,vita_sana,-0.309
Campania,2021,adulti,rischio,vita_sana,0.053
Emilia-Romagna,2021,adulti,rischio,vita_sana,-0.144
Friuli-Venezia Giulia,2021,adulti,rischio,vita_sana,0.442
Lazio,2021,adulti,rischio,vita_sana,0.417
Liguria,2021,adulti,rischio,vita_sana,0.26
Lombardia,2021,adulti,rischio,vita_sana,0.498
Marche,2021,adulti,rischio,vita_sana,-0.594
Molise,2021,adulti,rischio,vita_sana,0.134
Piemonte,2021,adulti,rischio,vita_sana,-0.359
Puglia,2021,adulti,rischio,vita_sana,0.129
Sardegna,2021,adulti,rischio,vita_sana,-0.369
Sicilia,2021,adulti,rischio,vita_sana,0.204
Toscana,2021,adulti,rischio,vita_sana,-0.324
Trentino-Alto Adige/Südtirol,2021,adulti,rischio,vita_sana,1.073
Umbria,2021,adulti,rischio,vita_sana,-0.498
Valle d'Aosta/Vallée d'Aoste,2021,adulti,rischio,vita_sana,-1.057
Veneto,2021,adulti,rischio,vita_sana,0.467
Abruzzo,2021,adulti,rischio,vita_sicura,-0.223
Basilicata,2021,adulti,rischio,vita_sicura,-0.447
Calabria,2021,adulti,rischio,vita_sicura,-0.459
Campania,2021,adulti,rischio,vita_sicura,-1.22
Emilia-Romagna,2021,adulti,rischio,vita_sicura,0.283
Friuli-Venezia Giulia,2021,adulti,rischio,vita_sicura,0.608
Lazio,2021,adulti,rischio,vita_sicura,-0.431
Liguria,2021,adulti,rischio,vita_sicura,0.544
Lombardia,2021,adulti,rischio,vita_sicura,0.161
Marche,2021,adulti,rischio,vita_sicura,0.039
Molise,2021,adulti,rischio,vita_sicura,-0.556
Piemonte,2021,adulti,rischio,vita_sicura,0.494
Puglia,2021,adulti,rischio,vita_sicura,-0.603
Sardegna,2021,adulti,rischio,vita_sicura,0.291
Sicilia,2021,adulti,rischio,vita_sicura,-0.232
Toscana,2021,adulti,rischio,vita_sicura,0.113
Trentino-Alto Adige/Südtirol,2021,adulti,rischio,vita_sicura,1.166
Umbria,2021,adulti,rischio,vita_sicura,0.254
Valle d'Aosta/Vallée d'Aoste,2021,adulti,rischio,vita_sicura,0.08
Veneto,2021,adulti,rischio,vita_sicura,0.136
Abruzzo,2021,bambini,rischio,vita_sana,-0.645
Basilicata,2021,bambini,rischio,vita_sana,-1.013
Calabria,2021,bambini,rischio,vita_sana,0.191
Campania,2021,bambini,rischio,vita_sana,-0.569
Emilia-Romagna,2021,bambini,rischio,vita_sana,0.527
Friuli-Venezia Giulia,2021,bambini,rischio,vita_sana,0.593
Lazio,2021,bambini,rischio,vita_sana,0.624
Liguria,2021,bambini,rischio,vita_sana,0.138
Lombardia,2021,bambini,rischio,vita_sana,0.179
Marche,2021,bambini,rischio,vita_sana,0.628
Molise,2021,bambini,rischio,vita_sana,-0.7
Piemonte,2021,bambini,rischio,vita_sana,0.295
Puglia,2021,bambini,rischio,vita_sana,-1.055
Sardegna,2021,bambini,rischio,vita_sana,-0.733
Sicilia,2021,bambini,rischio,vita_sana,-0.854
Toscana,2021,bambini,rischio,vita_sana,0.608
Trentino-Alto Adige/Südtirol,2021,bambini,rischio,vita_sana,0.887
Umbria,2021,bambini,rischio,vita_sana,0.132
Valle d'Aosta/Vallée d'Aoste,2021,bambini,rischio,vita_sana,0.512
Veneto,2021,bambini,rischio,vita_sana,0.254
Abruzzo,2021,totale,rischio,totale,-0.251
Basilicata,2021,totale,rischio,totale,-0.204
Calabria,2021,totale,rischio,totale,-0.656
Campania,2021,totale,rischio,totale,-1.219
Emilia-Romagna,2021,totale,rischio,totale,0.492
Friuli-Venezia Giulia,2021,totale,rischio,totale,0.604
Lazio,2021,totale,rischio,totale,0.164
Liguria,2021,totale,rischio,totale,0.379
Lombardia,2021,totale,rischio,totale,0.441
Marche,2021,totale,rischio,totale,0.141
Molise,2021,totale,rischio,totale,-0.363
Piemonte,2021,totale,rischio,totale,0.195
Puglia,2021,totale,rischio,totale,-0.752
Sardegna,2021,totale,rischio,totale,-0.29
Sicilia,2021,totale,rischio,totale,-0.969
Toscana,2021,totale,rischio,totale,0.251
Trentino-Alto Adige/Südtirol,2021,totale,rischio,totale,1.028
Umbria,2021,totale,rischio,totale,0.259
Valle d'Aosta/Vallée d'Aoste,2021,totale,rischio,totale,0.308
Veneto,2021,totale,rischio,totale,0.442
Abruzzo,2021,adulti,servizi,accedere_risorse,-0.653
Basilicata,2021,adulti,servizi,accedere_risorse,-0.662
Calabria,2021,adulti,servizi,accedere_risorse,-0.669
Campania,2021,adulti,servizi,accedere_risorse,-0.685
Emilia-Romagna,2021,adulti,servizi,accedere_risorse,1.03
Friuli-Venezia Giulia,2021,adulti,servizi,accedere_risorse,1.507
Lazio,2021,adulti,servizi,accedere_risorse,-0.431
Liguria,2021,adulti,servizi,accedere_risorse,-0.39
Lombardia,2021,adulti,servizi,accedere_risorse,0.415
Marche,2021,adulti,servizi,accedere_risorse,-0.102
Molise,2021,adulti,servizi,accedere_risorse,-0.421
Piemonte,2021,adulti,servizi,accedere_risorse,0.281
Puglia,2021,adulti,servizi,accedere_risorse,-0.508
Sardegna,2021,adulti,servizi,accedere_risorse,-0.362
Sicilia,2021,adulti,servizi,accedere_risorse,-0.621
Toscana,2021,adulti,servizi,accedere_risorse,-0.177
Trentino-Alto Adige/Südtirol,2021,adulti,servizi,accedere_risorse,3.104
Umbria,2021,adulti,servizi,accedere_risorse,-0.29
Valle d'Aosta/Vallée d'Aoste,2021,adulti,servizi,accedere_risorse,-0.555
Veneto,2021,adulti,servizi,accedere_risorse,0.192
Abruzzo,2021,adulti,servizi,conoscenza_sapere,-0.047
Basilicata,2021,adulti,servizi,conoscenza_sapere,-0.358
Calabria,2021,adulti,servizi,conoscenza_sapere,-1.042
Campania,2021,adulti,servizi,conoscenza_sapere,-1.299
Emilia-Romagna,2021,adulti,servizi,conoscenza_sapere,0.244
Friuli-Venezia Giulia,2021,adulti,servizi,conoscenza_sapere,2.302
Lazio,2021,adulti,servizi,conoscenza_sapere,0.424
Liguria,2021,adulti,servizi,conoscenza_sapere,-0.183
Lombardia,2021,adulti,servizi,conoscenza_sapere,-0.495
Marche,2021,adulti,servizi,conoscenza_sapere,0.679
Molise,2021,adulti,servizi,conoscenza_sapere,0.01
Piemonte,2021,adulti,servizi,conoscenza_sapere,0.504
Puglia,2021,adulti,servizi,conoscenza_sapere,-1.006
Sardegna,2021,adulti,servizi,conoscenza_sapere,-0.502
Sicilia,2021,adulti,servizi,conoscenza_sapere,-1.797
Toscana,2021,adulti,servizi,conoscenza_sapere,0.568
Trentino-Alto Adige/Südtirol,2021,adulti,servizi,conoscenza_sapere,1.443
Umbria,2021,adulti,servizi,conoscenza_sapere,1.249
Valle d'Aosta/Vallée d'Aoste,2021,adulti,servizi,conoscenza_sapere,-1.312
Veneto,2021,adulti,servizi,conoscenza_sapere,0.618
Abruzzo,2021,adulti,servizi,cura,-0.231
Basilicata,2021,adulti,servizi,cura,0.033
Calabria,2021,adulti,servizi,cura,-0.782
Campania,2021,adulti,servizi,cura,-0.744
Emilia-Romagna,2021,adulti,servizi,cura,1.692
Friuli-Venezia Giulia,2021,adulti,servizi,cura,-0.427
Lazio,2021,adulti,servizi,cura,-0.133
Liguria,2021,adulti,servizi,cura,0.32
Lombardia,2021,adulti,servizi,cura,0.096
Marche,2021,adulti,servizi,cura,-0.475
Molise,2021,adulti,servizi,cura,-0.437
Piemonte,2021,adulti,servizi,cura,0.13
Puglia,2021,adulti,servizi,cura,-0.05
Sardegna,2021,adulti,servizi,cura,0.439
Sicilia,2021,adulti,servizi,cura,-0.319
Toscana,2021,adulti,servizi,cura,-0.013
Trentino-Alto Adige/Südtirol,2021,adulti,servizi,cura,-0.091
Umbria,2021,adulti,servizi,cura,0.301
Valle d'Aosta/Vallée d'Aoste,2021,adulti,servizi,cura,0.522
Veneto,2021,adulti,servizi,cura,0.446
Abruzzo,2021,adulti,servizi,lavorare,-0.701
Basilicata,2021,adulti,servizi,lavorare,-0.801
Calabria,2021,adulti,servizi,lavorare,-0.905
Campania,2021,adulti,servizi,lavorare,-0.881
Emilia-Romagna,2021,adulti,servizi,lavorare,1.195
Friuli-Venezia Giulia,2021,adulti,servizi,lavorare,0.35
Lazio,2021,adulti,servizi,lavorare,-0.675
Liguria,2021,adulti,servizi,lavorare,0.014
Lombardia,2021,adulti,servizi,lavorare,0.314
Marche,2021,adulti,servizi,lavorare,-0.728
Molise,2021,adulti,servizi,lavorare,-0.638
Piemonte,2021,adulti,servizi,lavorare,2.584
Puglia,2021,adulti,servizi,lavorare,-0.03
Sardegna,2021,adulti,servizi,lavorare,0.046
Sicilia,2021,adulti,servizi,lavorare,-0.544
Toscana,2021,adulti,servizi,lavorare,0.115
Trentino-Alto Adige/Südtirol,2021,adulti,servizi,lavorare,-0.384
Umbria,2021,adulti,servizi,lavorare,-0.712
Valle d'Aosta/Vallée d'Aoste,2021,adulti,servizi,lavorare,0.0
Veneto,2021,adulti,servizi,lavorare,2.382
Abruzzo,2021,adulti,servizi,vita_sana,-0.029
Basilicata,2021,adulti,servizi,vita_sana,-0.398
Calabria,2021,adulti,servizi,vita_sana,-0.877
Campania,2021,adulti,servizi,vita_sana,-1.19
Emilia-Romagna,2021,adulti,servizi,vita_sana,-0.004
Friuli-Venezia Giulia,2021,adulti,servizi,vita_sana,-0.263
Lazio,2021,adulti,servizi,vita_sana,-0.499
Liguria,2021,adulti,servizi,vita_sana,1.11
Lombardia,2021,adulti,servizi,vita_sana,-0.065
Marche,2021,adulti,servizi,vita_sana,0.753
Molise,2021,adulti,servizi,vita_sana,0.117
Piemonte,2021,adulti,servizi,vita_sana,0.389
Puglia,2021,adulti,servizi,vita_sana,-0.386
Sardegna,2021,adulti,servizi,vita_sana,-0.405
Sicilia,2021,adulti,servizi,vita_sana,-0.74
Toscana,2021,adulti,servizi,vita_sana,0.591
Trentino-Alto Adige/Südtirol,2021,adulti,servizi,vita_sana,0.007
Umbria,2021,adulti,servizi,vita_sana,0.564
Valle d'Aosta/Vallée d'Aoste,2021,adulti,servizi,vita_sana,0.831
Veneto,2021,adulti,servizi,vita_sana,0.494
Abruzzo,2021,adulti,servizi,vita_sicura,-0.072
Basilicata,2021,adulti,servizi,vita_sicura,-0.862
Calabria,2021,adulti,servizi,vita_sicura,-0.612
Campania,2021,adulti,servizi,vita_sicura,-0.689
Emilia-Romagna,2021,adulti,servizi,vita_sicura,0.987
Friuli-Venezia Giulia,2021,adulti,servizi,vita_sicura,0.889
Lazio,2021,adulti,servizi,vita_sicura,-1.065
Liguria,2021,adulti,servizi,vita_sicura,0.162
Lombardia,2021,adulti,servizi,vita_sicura,-0.064
Marche,2021,adulti,servizi,vita_sicura,0.569
Molise,2021,adulti,servizi,vita_sicura,0.085
Piemonte,2021,adulti,servizi,vita_sicura,-0.68
Puglia,2021,adulti,servizi,vita_sicura,-0.173
Sardegna,2021,adulti,servizi,vita_sicura,0.509
Sicilia,2021,adulti,servizi,vita_sicura,-0.782
Toscana,2021,adulti,servizi,vita_sicura,0.014
Trentino-Alto Adige/Südtirol,2021,adulti,servizi,vita_sicura,-0.196
Umbria,2021,adulti,servizi,vita_sicura,1.206
Valle d'Aosta/Vallée d'Aoste,2021,adulti,servizi,vita_sicura,0.637
Veneto,2021,adulti,servizi,vita_sicura,0.138
Abruzzo,2021,bambini,servizi,cura,-0.379
Basilicata,2021,bambini,servizi,cura,0.069
Calabria,2021,bambini,servizi,cura,-0.589
Campania,2021,bambini,servizi,cura,-0.757
Emilia-Romagna,2021,bambini,servizi,cura,0.796
Friuli-Venezia Giulia,2021,bambini,servizi,cura,-0.034
Lazio,2021,bambini,servizi,cura,-0.834
Liguria,2021,bambini,servizi,cura,0.987
Lombardia,2021,bambini,servizi,cura,-0.41
Marche,2021,bambini,servizi,cura,-0.153
Molise,2021,bambini,servizi,cura,0.158
Piemonte,2021,bambini,servizi,cura,0.629
Puglia,2021,bambini,servizi,cura,-0.336
Sardegna,2021,bambini,servizi,cura,0.253
Sicilia,2021,bambini,servizi,cura,-0.199
Toscana,2021,bambini,servizi,cura,0.252
Trentino-Alto Adige/Südtirol,2021,bambini,servizi,cura,-0.128
Umbria,2021,bambini,servizi,cura,0.51
Valle d'Aosta/Vallée d'Aoste,2021,bambini,servizi,cura,0.416
Veneto,2021,bambini,servizi,cura,0.206
Abruzzo,2021,bambini,servizi,vita_sana,0.155
Basilicata,2021,bambini,servizi,vita_sana,-0.379
Calabria,2021,bambini,servizi,vita_sana,-0.204
Campania,2021,bambini,servizi,vita_sana,-0.723
Emilia-Romagna,2021,bambini,servizi,vita_sana,0.661
Friuli-Venezia Giulia,2021,bambini,servizi,vita_sana,-1.001
Lazio,2021,bambini,servizi,vita_sana,0.049
Liguria,2021,bambini,servizi,vita_sana,0.148
Lombardia,2021,bambini,servizi,vita_sana,-0.923
Marche,2021,bambini,servizi,vita_sana,-0.23
Molise,2021,bambini,servizi,vita_sana,-0.266
Piemonte,2021,bambini,servizi,vita_sana,-1.049
Puglia,2021,bambini,servizi,vita_sana,0.422
Sardegna,2021,bambini,servizi,vita_sana,1.354
Sicilia,2021,bambini,servizi,vita_sana,0.203
Toscana,2021,bambini,servizi,vita_sana,1.029
Trentino-Alto Adige/Südtirol,2021,bambini,servizi,vita_sana,-0.548
Umbria,2021,bambini,servizi,vita_sana,0.471
Valle d'Aosta/Vallée d'Aoste,2021,bambini,servizi,vita_sana,1.335
Veneto,2021,bambini,servizi,vita_sana,-0.505
Abruzzo,2021,totale,servizi,totale,-0.245
Basilicata,2021,totale,servizi,totale,-0.42
Calabria,2021,totale,servizi,totale,-0.71
Campania,2021,totale,servizi,totale,-0.871
Emilia-Romagna,2021,totale,servizi,totale,0.825
Friuli-Venezia Giulia,2021,totale,servizi,totale,0.415
Lazio,2021,totale,servizi,totale,-0.396
Liguria,2021,totale,servizi,totale,0.271
Lombardia,2021,totale,servizi,totale,-0.142
Marche,2021,totale,servizi,totale,0.039
Molise,2021,totale,servizi,totale,-0.174
Piemonte,2021,totale,servizi,totale,0.349
Puglia,2021,totale,servizi,totale,-0.258
Sardegna,2021,totale,servizi,totale,0.166
Sicilia,2021,totale,servizi,totale,-0.6
Toscana,2021,totale,servizi,totale,0.297
Trentino-Alto Adige/Südtirol,2021,totale,servizi,totale,0.401
Umbria,2021,totale,servizi,totale,0.412
Valle d'Aosta/Vallée d'Aoste,2021,totale,servizi,totale,0.234
Veneto,2021,totale,servizi,totale,0.496
Abruzzo,2021,totale,totale,totale,-0.261
Basilicata,2021,totale,totale,totale,-0.335
Calabria,2021,totale,totale,totale,-0.752
Campania,2021,totale,totale,totale,-1.103
Emilia-Romagna,2021,totale,totale,totale,0.713
Friuli-Venezia Giulia,2021,totale,totale,totale,0.641
Lazio,2021,totale,totale,totale,-0.159
Liguria,2021,totale,totale,totale,0.286
Lombardia,2021,totale,totale,totale,0.17
Marche,2021,totale,totale,totale,0.106
Molise,2021,totale,totale,totale,-0.298
Piemonte,2021,totale,totale,totale,0.35
Puglia,2021,totale,totale,totale,-0.537
Sardegna,2021,totale,totale,totale,-0.075
Sicilia,2021,totale,totale,totale,-0.872
Toscana,2021,totale,totale,totale,0.254
Trentino-Alto Adige/Südtirol,2021,totale,totale,totale,0.787
Umbria,2021,totale,totale,totale,0.366
Valle d'Aosta/Vallée d'Aoste,2021,totale,totale,totale,0.231
Veneto,2021,totale,totale,totale,0.528
Abruzzo,2022,adulti,rischio,accedere_risorse,-0.859
Basilicata,2022,adulti,rischio,accedere_risorse,-0.034
Calabria,2022,adulti,rischio,accedere_risorse,-0.057
Campania,2022,adulti,rischio,accedere_risorse,-1.821
Emilia-Romagna,2022,adulti,rischio,accedere_risorse,0.451
Friuli-Venezia Giulia,2022,adulti,rischio,accedere_risorse,0.681
Lazio,2022,adulti,rischio,accedere_risorse,-0.006
Liguria,2022,adulti,rischio,accedere_risorse,0.354
Lombardia,2022,adulti,rischio,accedere_risorse,0.202
Marche,2022,adulti,rischio,accedere_risorse,0.155
Molise,2022,adulti,rischio,accedere_risorse,-0.684
Piemonte,2022,adulti,rischio,accedere_risorse,0.353
Puglia,2022,adulti,rischio,accedere_risorse,-0.413
Sardegna,2022,adulti,rischio,accedere_risorse,0.108
Sicilia,2022,adulti,rischio,accedere_risorse,-1.177
Toscana,2022,adulti,rischio,accedere_risorse,0.523
Trentino-Alto Adige/Südtirol,2022,adulti,rischio,accedere_risorse,0.55
Umbria,2022,adulti,rischio,accedere_risorse,0.519
Valle d'Aosta/Vallée d'Aoste,2022,adulti,rischio,accedere_risorse,0.443
Veneto,2022,adulti,rischio,accedere_risorse,0.713
Abruzzo,2022,adulti,rischio,conoscenza_sapere,0.538
Basilicata,2022,adulti,rischio,conoscenza_sapere,-0.471
Calabria,2022,adulti,rischio,conoscenza_sapere,-1.603
Campania,2022,adulti,rischio,conoscenza_sapere,-1.536
Emilia-Romagna,2022,adulti,rischio,conoscenza_sapere,0.858
Friuli-Venezia Giulia,2022,adulti,rischio,conoscenza_sapere,1.012
Lazio,2022,adulti,rischio,conoscenza_sapere,1.255
Liguria,2022,adulti,rischio,conoscenza_sapere,0.684
Lombardia,2022,adulti,rischio,conoscenza_sapere,0.682
Marche,2022,adulti,rischio,conoscenza_sapere,0.711
Molise,2022,adulti,rischio,conoscenza_sapere,-0.255
Piemonte,2022,adulti,rischio,conoscenza_sapere,0.043
Puglia,2022,adulti,rischio,conoscenza_sapere,-1.633
Sardegna,2022,adulti,rischio,conoscenza_sapere,-0.545
Sicilia,2022,adulti,rischio,conoscenza_sapere,-1.734
Toscana,2022,adulti,rischio,conoscenza_sapere,0.321
Trentino-Alto Adige/Südtirol,2022,adulti,rischio,conoscenza_sapere,0.947
Umbria,2022,adulti,rischio,conoscenza_sapere,0.794
Valle d'Aosta/Vallée d'Aoste,2022,adulti,rischio,conoscenza_sapere,0.558
Veneto,2022,adulti,rischio,conoscenza_sapere,0.353
Abruzzo,2022,adulti,rischio,cura,-0.313
Basilicata,2022,adulti,rischio,cura,0.292
Calabria,2022,adulti,rischio,cura,-0.268
Campania,2022,adulti,rischio,cura,-1.675
Emilia-Romagna,2022,adulti,rischio,cura,0.39
Friuli-Venezia Giulia,2022,adulti,rischio,cura,0.53
Lazio,2022,adulti,rischio,cura,-0.198
Liguria,2022,adulti,rischio,cura,0.489
Lombardia,2022,adulti,rischio,cura,0.561
Marche,2022,adulti,rischio,cura,0.039
Molise,2022,adulti,rischio,cura,-0.02
Piemonte,2022,adulti,rischio,cura,0.154
Puglia,2022,adulti,rischio,cura,-0.895
Sardegna,2022,adulti,rischio,cura,-0.027
Sicilia,2022,adulti,rischio,cura,-1.277
Toscana,2022,adulti,rischio,cura,0.255
Trentino-Alto Adige/Südtirol,2022,adulti,rischio,cura,0.918
Umbria,2022,adulti,rischio,cura,0.148
Valle d'Aosta/Vallée d'Aoste,2022,adulti,rischio,cura,0.307
Veneto,2022,adulti,rischio,cura,0.591
Abruzzo,2022,adulti,rischio,lavorare,-0.049
Basilicata,2022,adulti,rischio,lavorare,-0.217
Calabria,2022,adulti,rischio,lavorare,-1.581
Campania,2022,adulti,rischio,lavorare,-1.658
Emilia-Romagna,2022,adulti,rischio,lavorare,0.867
Friuli-Venezia Giulia,2022,adulti,rischio,lavorare,0.678
Lazio,2022,adulti,rischio,lavorare,-0.212
Liguria,2022,adulti,rischio,lavorare,0.328
Lombardia,2022,adulti,rischio,lavorare,0.762
Marche,2022,adulti,rischio,lavorare,0.536
Molise,2022,adulti,rischio,lavorare,-0.607
Piemonte,2022,adulti,rischio,lavorare,0.298
Puglia,2022,adulti,rischio,lavorare,-0.83
Sardegna,2022,adulti,rischio,lavorare,-0.829
Sicilia,2022,adulti,rischio,lavorare,-1.963
Toscana,2022,adulti,rischio,lavorare,0.525
Trentino-Alto Adige/Südtirol,2022,adulti,rischio,lavorare,1.31
Umbria,2022,adulti,rischio,lavorare,0.446
Valle d'Aosta/Vallée d'Aoste,2022,adulti,rischio,lavorare,1.11
Veneto,2022,adulti,rischio,lavorare,1.086
Abruzzo,2022,adulti,rischio,vita_sana,-0.017
Basilicata,2022,adulti,rischio,vita_sana,-0.046
Calabria,2022,adulti,rischio,vita_sana,-0.164
Campania,2022,adulti,rischio,vita_sana,-0.194
Emilia-Romagna,2022,adulti,rischio,vita_sana,-0.04
Friuli-Venezia Giulia,2022,adulti,rischio,vita_sana,0.487
Lazio,2022,adulti,rischio,vita_sana,0.457
Liguria,2022,adulti,rischio,vita_sana,0.292
Lombardia,2022,adulti,rischio,vita_sana,0.161
Marche,2022,adulti,rischio,vita_sana,-0.656
Molise,2022,adulti,rischio,vita_sana,0.039
Piemonte,2022,adulti,rischio,vita_sana,-0.523
Puglia,2022,adulti,rischio,vita_sana,0.1
Sardegna,2022,adulti,rischio,vita_sana,-0.339
Sicilia,2022,adulti,rischio,vita_sana,0.333
Toscana,2022,adulti,rischio,vita_sana,-0.246
Trentino-Alto Adige/Südtirol,2022,adulti,rischio,vita_sana,0.913
Umbria,2022,adulti,rischio,vita_sana,-0.424
Valle d'Aosta/Vallée d'Aoste,2022,adulti,rischio,vita_sana,-0.674
Veneto,2022,adulti,rischio,vita_sana,0.54
Abruzzo,2022,adulti,rischio,vita_sicura,-0.132
Basilicata,2022,adulti,rischio,vita_sicura,-0.271
Calabria,2022,adulti,rischio,vita_sicura,-0.402
Campania,2022,adulti,rischio,vita_sicura,-1.169
Emilia-Romagna,2022,adulti,rischio,vita_sicura,0.264
Friuli-Venezia Giulia,2022,adulti,rischio,vita_sicura,0.792
Lazio,2022,adulti,rischio,vita_sicura,-0.66
Liguria,2022,adulti,rischio,vita_sicura,0.474
Lombardia,2022,adulti,rischio,vita_sicura,0.292
Marche,2022,adulti,rischio,vita_sicura,-0.117
Molise,2022,adulti,rischio,vita_sicura,-0.642
Piemonte,2022,adulti,rischio,vita_sicura,0.472
Puglia,2022,adulti,rischio,vita_sicura,-0.714
Sardegna,2022,adulti,rischio,vita_sicura,0.151
Sicilia,2022,adulti,rischio,vita_sicura,-0.578
Toscana,2022,adulti,rischio,vita_sicura,0.175
Trentino-Alto Adige/Südtirol,2022,adulti,rischio,vita_sicura,1.397
Umbria,2022,adulti,rischio,vita_sicura,-0.162
Valle d'Aosta/Vallée d'Aoste,2022,adulti,rischio,vita_sicura,0.495
Veneto,2022,adulti,rischio,vita_sicura,0.336
Abruzzo,2022,bambini,rischio,vita_sana,-0.525
Basilicata,2022,bambini,rischio,vita_sana,-0.669
Calabria,2022,bambini,rischio,vita_sana,-0.139
Campania,2022,bambini,rischio,vita_sana,-0.563
Emilia-Romagna,2022,bambini,rischio,vita_sana,0.391
Friuli-Venezia Giulia,2022,bambini,rischio,vita_sana,0.595
Lazio,2022,bambini,rischio,vita_sana,0.634
Liguria,2022,bambini,rischio,vita_sana,0.067
Lombardia,2022,bambini,rischio,vita_sana,0.202
Marche,2022,bambini,rischio,vita_sana,0.532
Molise,2022,bambini,rischio,vita_sana,-0.472
Piemonte,2022,bambini,rischio,vita_sana,0.151
Puglia,2022,bambini,rischio,vita_sana,-1.005
Sardegna,2022,bambini,rischio,vita_sana,-0.848
Sicilia,2022,bambini,rischio,vita_sana,-0.963
Toscana,2022,bambini,rischio,vita_sana,0.607
Trentino-Alto Adige/Südtirol,2022,bambini,rischio,vita_sana,0.663
Umbria,2022,bambini,rischio,vita_sana,-0.002
Valle d'Aosta/Vallée d'Aoste,2022,bambini,rischio,vita_sana,0.931
Veneto,2022,bambini,rischio,vita_sana,0.411
Abruzzo,2022,totale,rischio,totale,-0.194
Basilicata,2022,totale,rischio,totale,-0.202
Calabria,2022,totale,rischio,totale,-0.602
Campania,2022,totale,rischio,totale,-1.231
Emilia-Romagna,2022,totale,rischio,totale,0.454
Friuli-Venezia Giulia,2022,totale,rischio,totale,0.682
Lazio,2022,totale,rischio,totale,0.181
Liguria,2022,totale,rischio,totale,0.384
Lombardia,2022,totale,rischio,totale,0.409
Marche,2022,totale,rischio,totale,0.171
Molise,2022,totale,rischio,totale,-0.377
Piemonte,2022,totale,rischio,totale,0.135
Puglia,2022,totale,rischio,totale,-0.77
Sardegna,2022,totale,rischio,totale,-0.333
Sicilia,2022,totale,rischio,totale,-1.051
Toscana,2022,totale,rischio,totale,0.309
Trentino-Alto Adige/Südtirol,2022,totale,rischio,totale,0.957
Umbria,2022,totale,rischio,totale,0.188
Valle d'Aosta/Vallée d'Aoste,2022,totale,rischio,totale,0.453
Veneto,2022,totale,rischio,totale,0.576
Abruzzo,2022,adulti,servizi,accedere_risorse,-0.653
Basilicata,2022,adulti,servizi,accedere_risorse,-0.662
Calabria,2022,adulti,servizi,accedere_risorse,-0.669
Campania,2022,adulti,servizi,accedere_risorse,-0.685
Emilia-Romagna,2022,adulti,servizi,accedere_risorse,1.03
Friuli-Venezia Giulia,2022,adulti,servizi,accedere_risorse,1.507
Lazio,2022,adulti,servizi,accedere_risorse,-0.431
Liguria,2022,adulti,servizi,accedere_risorse,-0.39
Lombardia,2022,adulti,servizi,accedere_risorse,0.415
Marche,2022,adulti,servizi,accedere_risorse,-0.102
Molise,2022,adulti,servizi,accedere_risorse,-0.421
Piemonte,2022,adulti,servizi,accedere_risorse,0.281
Puglia,2022,adulti,servizi,accedere_risorse,-0.508
Sardegna,2022,adulti,servizi,accedere_risorse,-0.362
Sicilia,2022,adulti,servizi,accedere_risorse,-0.621
Toscana,2022,adulti,servizi,accedere_risorse,-0.177
Trentino-Alto Adige/Südtirol,2022,adulti,servizi,accedere_risorse,3.104
Umbria,2022,adulti,servizi,accedere_risorse,-0.29
Valle d'Aosta/Vallée d'Aoste,2022,adulti,servizi,accedere_risorse,-0.555
Veneto,2022,adulti,servizi,accedere_risorse,0.192
Abruzzo,2022,adulti,servizi,conoscenza_sapere,1.294
Basilicata,2022,adulti,servizi,conoscenza_sapere,1.274
Calabria,2022,adulti,servizi,conoscenza_sapere,-1.446
Campania,2022,adulti,servizi,conoscenza_sapere,-0.998
Emilia-Romagna,2022,adulti,servizi,conoscenza_sapere,0.25
Friuli-Venezia Giulia,2022,adulti,servizi,conoscenza_sapere,0.489
Lazio,2022,adulti,servizi,conoscenza_sapere,0.716
Liguria,2022,adulti,servizi,conoscenza_sapere,0.82
Lombardia,2022,adulti,servizi,conoscenza_sapere,-1.114
Marche,2022,adulti,servizi,conoscenza_sapere,-0.467
Molise,2022,adulti,servizi,conoscenza_sapere,0.715
Piemonte,2022,adulti,servizi,conoscenza_sapere,-0.569
Puglia,2022,adulti,servizi,conoscenza_sapere,-0.642
Sardegna,2022,adulti,servizi,conoscenza_sapere,0.56
Sicilia,2022,adulti,servizi,conoscenza_sapere,-2.171
Toscana,2022,adulti,servizi,conoscenza_sapere,1.257
Trentino-Alto Adige/Südtirol,2022,adulti,servizi,conoscenza_sapere,0.099
Umbria,2022,adulti,servizi,conoscenza_sapere,0.873
Valle d'Aosta/Vallée d'Aoste,2022,adulti,servizi,conoscenza_sapere,-1.365
Veneto,2022,adulti,servizi,conoscenza_sapere,0.425
Abruzzo,2022,adulti,servizi,cura,-0.232
Basilicata,2022,adulti,servizi,cura,0.176
Calabria,2022,adulti,servizi,cura,-0.848
Campania,2022,adulti,servizi,cura,-0.765
Emilia-Romagna,2022,adulti,servizi,cura,1.771
Friuli-Venezia Giulia,2022,adulti,servizi,cura,-0.371
Lazio,2022,adulti,servizi,cura,-0.223
Liguria,2022,adulti,servizi,cura,0.033
Lombardia,2022,adulti,servizi,cura,0.067
Marche,2022,adulti,servizi,cura,-0.506
Molise,2022,adulti,servizi,cura,-0.419
Piemonte,2022,adulti,servizi,cura,0.154
Puglia,2022,adulti,servizi,cura,-0.053
Sardegna,2022,adulti,servizi,cura,0.514
Sicilia,2022,adulti,servizi,cura,-0.274
Toscana,2022,adulti,servizi,cura,-0.072
Trentino-Alto Adige/Südtirol,2022,adulti,servizi,cura,-0.006
Umbria,2022,adulti,servizi,cura,0.131
Valle d'Aosta/Vallée d'Aoste,2022,adulti,servizi,cura,0.529
Veneto,2022,adulti,servizi,cura,0.394
Abruzzo,2022,adulti,servizi,lavorare,-0.701
Basilicata,2022,adulti,servizi,lavorare,-0.801
Calabria,2022,adulti,servizi,lavorare,-0.905
Campania,2022,adulti,servizi,lavorare,-0.881
Emilia-Romagna,2022,adulti,servizi,lavorare,1.195
Friuli-Venezia Giulia,2022,adulti,servizi,lavorare,0.35
Lazio,2022,adulti,servizi,lavorare,-0.675
Liguria,2022,adulti,servizi,lavorare,0.014
Lombardia,2022,adulti,servizi,lavorare,0.314
Marche,2022,adulti,servizi,lavorare,-0.728
Molise,2022,adulti,servizi,lavorare,-0.638
Piemonte,2022,adulti,servizi,lavorare,2.584
Puglia,2022,adulti,servizi,lavorare,-0.03
Sardegna,2022,adulti,servizi,lavorare,0.046
Sicilia,2022,adulti,servizi,lavorare,-0.544
Toscana,2022,adulti,servizi,lavorare,0.115
Trentino-Alto Adige/Südtirol,2022,adulti,servizi,lavorare,-0.384
Umbria,2022,adulti,servizi,lavorare,-0.712
Valle d'Aosta/Vallée d'Aoste,2022,adulti,servizi,lavorare,0.0
Veneto,2022,adulti,servizi,lavorare,2.382
Abruzzo,2022,adulti,servizi,vita_sana,-0.121
Basilicata,2022,adulti,servizi,vita_sana,-0.31
Calabria,2022,adulti,servizi,vita_sana,-1.257
Campania,2022,adulti,servizi,vita_sana,-1.195
Emilia-Romagna,2022,adulti,servizi,vita_sana,-0.015
Friuli-Venezia Giulia,2022,adulti,servizi,vita_sana,-0.236
Lazio,2022,adulti,servizi,vita_sana,-0.53
Liguria,2022,adulti,servizi,vita_sana,1.203
Lombardia,2022,adulti,servizi,vita_sana,-0.121
Marche,2022,adulti,servizi,vita_sana,0.728
Molise,2022,adulti,servizi,vita_sana,0.194
Piemonte,2022,adulti,servizi,vita_sana,0.352
Puglia,2022,adulti,servizi,vita_sana,-0.363
Sardegna,2022,adulti,servizi,vita_sana,-0.261
Sicilia,2022,adulti,servizi,vita_sana,-0.769
Toscana,2022,adulti,servizi,vita_sana,0.363
Trentino-Alto Adige/Südtirol,2022,adulti,servizi,vita_sana,0.083
Umbria,2022,adulti,servizi,vita_sana,0.467
Valle d'Aosta/Vallée d'Aoste,2022,adulti,servizi,vita_sana,1.223
Veneto,2022,adulti,servizi,vita_sana,0.564
Abruzzo,2022,adulti,servizi,vita_sicura,-0.113
Basilicata,2022,adulti,servizi,vita_sicura,-0.551
Calabria,2022,adulti,servizi,vita_sicura,-0.587
Campania,2022,adulti,servizi,vita_sicura,-0.861
Emilia-Romagna,2022,adulti,servizi,vita_sicura,1.107
Friuli-Venezia Giulia,2022,adulti,servizi,vita_sicura,0.88
Lazio,2022,adulti,servizi,vita_sicura,-1.032
Liguria,2022,adulti,servizi,vita_sicura,-0.208
Lombardia,2022,adulti,servizi,vita_sicura,-0.09
Marche,2022,adulti,servizi,vita_sicura,0.716
Molise,2022,adulti,servizi,vita_sicura,-0.056
Piemonte,2022,adulti,servizi,vita_sicura,-0.746
Puglia,2022,adulti,servizi,vita_sicura,-0.23
Sardegna,2022,adulti,servizi,vita_sicura,0.482
Sicilia,2022,adulti,servizi,vita_sicura,-0.943
Toscana,2022,adulti,servizi,vita_sicura,0.045
Trentino-Alto Adige/Südtirol,2022,adulti,servizi,vita_sicura,0.334
Umbria,2022,adulti,servizi,vita_sicura,1.167
Valle d'Aosta/Vallée d'Aoste,2022,adulti,servizi,vita_sicura,0.603
Veneto,2022,adulti,servizi,vita_sicura,0.083
Abruzzo,2022,bambini,servizi,cura,-0.389
Basilicata,2022,bambini,servizi,cura,0.051
Calabria,2022,bambini,servizi,cura,-0.624
Campania,2022,bambini,servizi,cura,-0.766
Emilia-Romagna,2022,bambini,servizi,cura,0.837
Friuli-Venezia Giulia,2022,bambini,servizi,cura,0.005
Lazio,2022,bambini,servizi,cura,-0.827
Liguria,2022,bambini,servizi,cura,0.972
Lombardia,2022,bambini,servizi,cura,-0.411
Marche,2022,bambini,servizi,cura,-0.126
Molise,2022,bambini,servizi,cura,0.127
Piemonte,2022,bambini,servizi,cura,0.674
Puglia,2022,bambini,servizi,cura,-0.326
Sardegna,2022,bambini,servizi,cura,0.232
Sicilia,2022,bambini,servizi,cura,-0.172
Toscana,2022,bambini,servizi,cura,0.223
Trentino-Alto Adige/Südtirol,2022,bambini,servizi,cura,-0.15
Umbria,2022,bambini,servizi,cura,0.481
Valle d'Aosta/Vallée d'Aoste,2022,bambini,servizi,cura,0.425
Veneto,2022,bambini,servizi,cura,0.221
Abruzzo,2022,bambini,servizi,vita_sana,0.136
Basilicata,2022,bambini,servizi,vita_sana,-0.39
Calabria,2022,bambini,servizi,vita_sana,-0.19
Campania,2022,bambini,servizi,vita_sana,-0.719
Emilia-Romagna,2022,bambini,servizi,vita_sana,0.675
Friuli-Venezia Giulia,2022,bambini,servizi,vita_sana,-0.991
Lazio,2022,bambini,servizi,vita_sana,0.091
Liguria,2022,bambini,servizi,vita_sana,0.014
Lombardia,2022,bambini,servizi,vita_sana,-0.921
Marche,2022,bambini,servizi,vita_sana,-0.237
Molise,2022,bambini,servizi,vita_sana,-0.24
Piemonte,2022,bambini,servizi,vita_sana,-1.018
Puglia,2022,bambini,servizi,vita_sana,0.313
Sardegna,2022,bambini,servizi,vita_sana,1.112
Sicilia,2022,bambini,servizi,vita_sana,0.191
Toscana,2022,bambini,servizi,vita_sana,1.233
Trentino-Alto Adige/Südtirol,2022,bambini,servizi,vita_sana,-0.514
Umbria,2022,bambini,servizi,vita_sana,0.372
Valle d'Aosta/Vallée d'Aoste,2022,bambini,servizi,vita_sana,1.552
Veneto,2022,bambini,servizi,vita_sana,-0.47
Abruzzo,2022,totale,servizi,totale,-0.097
Basilicata,2022,totale,servizi,totale,-0.152
Calabria,2022,totale,servizi,totale,-0.816
Campania,2022,totale,servizi,totale,-0.859
Emilia-Romagna,2022,totale,servizi,totale,0.856
Friuli-Venezia Giulia,2022,totale,servizi,totale,0.204
Lazio,2022,totale,servizi,totale,-0.364
Liguria,2022,totale,servizi,totale,0.307
Lombardia,2022,totale,servizi,totale,-0.233
Marche,2022,totale,servizi,totale,-0.09
Molise,2022,totale,servizi,totale,-0.092
Piemonte,2022,totale,servizi,totale,0.214
Puglia,2022,totale,servizi,totale,-0.23
Sardegna,2022,totale,servizi,totale,0.29
Sicilia,2022,totale,servizi,totale,-0.663
Toscana,2022,totale,servizi,totale,0.373
Trentino-Alto Adige/Südtirol,2022,totale,servizi,totale,0.321
Umbria,2022,totale,servizi,totale,0.311
Valle d'Aosta/Vallée d'Aoste,2022,totale,servizi,totale,0.302
Veneto,2022,totale,servizi,totale,0.474
Abruzzo,2022,totale,totale,totale,-0.13
Basilicata,2022,totale,totale,totale,-0.175
Calabria,2022,totale,totale,totale,-0.774
Campania,2022,totale,totale,totale,-1.09
Emilia-Romagna,2022,totale,totale,totale,0.711
Friuli-Venezia Giulia,2022,totale,totale,totale,0.535
Lazio,2022,totale,totale,totale,-0.129
Liguria,2022,totale,totale,totale,0.322
Lombardia,2022,totale,totale,totale,0.106
Marche,2022,totale,totale,totale,0.041
Molise,2022,totale,totale,totale,-0.253
Piemonte,2022,totale,totale,totale,0.238
Puglia,2022,totale,totale,totale,-0.527
Sardegna,2022,totale,totale,totale,-0.006
Sicilia,2022,totale,totale,totale,-0.957
Toscana,2022,totale,totale,totale,0.336
Trentino-Alto Adige/Südtirol,2022,totale,totale,totale,0.703
Umbria,2022,totale,totale,totale,0.279
Valle d'Aosta/Vallée d'Aoste,2022,totale,totale,totale,0.304
Veneto,2022,totale,totale,totale,0.575
Abruzzo,2024,adulti,rischio,accedere_risorse,-0.149
Basilicata,2024,adulti,rischio,accedere_risorse,0.089
Calabria,2024,adulti,rischio,accedere_risorse,-0.895
Campania,2024,adulti,rischio,accedere_risorse,-1.375
Emilia-Romagna,2024,adulti,rischio,accedere_risorse,0.75
Friuli-Venezia Giulia,2024,adulti,rischio,accedere_risorse,0.327
Lazio,2024,adulti,rischio,accedere_risorse,-0.344
Liguria,2024,adulti,rischio,accedere_risorse,0.538
Lombardia,2024,adulti,rischio,accedere_risorse,0.43
Marche,2024,adulti,rischio,accedere_risorse,0.587
Molise,2024,adulti,rischio,accedere_risorse,-0.259
Piemonte,2024,adulti,rischio,accedere_risorse,-0.026
Puglia,2024,adulti,rischio,accedere_risorse,-0.662
Sardegna,2024,adulti,rischio,accedere_risorse,-0.705
Sicilia,2024,adulti,rischio,accedere_risorse,-1.231
Toscana,2024,adulti,rischio,accedere_risorse,0.55
Trentino-Alto Adige/Südtirol,2024,adulti,rischio,accedere_risorse,0.383
Umbria,2024,adulti,rischio,accedere_risorse,0.58
Valle d'Aosta/Vallée d'Aoste,2024,adulti,rischio,accedere_risorse,0.726
Veneto,2024,adulti,rischio,accedere_risorse,0.689
Abruzzo,2024,adulti,rischio,conoscenza_sapere,0.334
Basilicata,2024,adulti,rischio,conoscenza_sapere,-0.126
Calabria,2024,adulti,rischio,conoscenza_sapere,-1.724
Campania,2024,adulti,rischio,conoscenza_sapere,-1.572
Emilia-Romagna,2024,adulti,rischio,conoscenza_sapere,1.168
Friuli-Venezia Giulia,2024,adulti,rischio,conoscenza_sapere,0.965
Lazio,2024,adulti,rischio,conoscenza_sapere,1.01
Liguria,2024,adulti,rischio,conoscenza_sapere,0.061
Lombardia,2024,adulti,rischio,conoscenza_sapere,0.643
Marche,2024,adulti,rischio,conoscenza_sapere,0.636
Molise,2024,adulti,rischio,conoscenza_sapere,0.074
Piemonte,2024,adulti,rischio,conoscenza_sapere,-0.182
Puglia,2024,adulti,rischio,conoscenza_sapere,-1.613
Sardegna,2024,adulti,rischio,conoscenza_sapere,-0.501
Sicilia,2024,adulti,rischio,conoscenza_sapere,-1.863
Toscana,2024,adulti,rischio,conoscenza_sapere,0.307
Trentino-Alto Adige/Südtirol,2024,adulti,rischio,conoscenza_sapere,0.742
Umbria,2024,adulti,rischio,conoscenza_sapere,0.349
Valle d'Aosta/Vallée d'Aoste,2024,adulti,rischio,conoscenza_sapere,0.842
Veneto,2024,adulti,rischio,conoscenza_sapere,0.451
Abruzzo,2024,adulti,rischio,cura,-0.556
Basilicata,2024,adulti,rischio,cura,0.022
Calabria,2024,adulti,rischio,cura,-0.486
Campania,2024,adulti,rischio,cura,-1.823
Emilia-Romagna,2024,adulti,rischio,cura,0.394
Friuli-Venezia Giulia,2024,adulti,rischio,cura,0.43
Lazio,2024,adulti,rischio,cura,-0.224
Liguria,2024,adulti,rischio,cura,0.415
Lombardia,2024,adulti,rischio,cura,0.642
Marche,2024,adulti,rischio,cura,0.044
Molise,2024,adulti,rischio,cura,-0.238
Piemonte,2024,adulti,rischio,cura,0.513
Puglia,2024,adulti,rischio,cura,-0.845
Sardegna,2024,adulti,rischio,cura,0.166
Sicilia,2024,adulti,rischio,cura,-1.266
Toscana,2024,adulti,rischio,cura,0.188
Trentino-Alto Adige/Südtirol,2024,adulti,rischio,cura,0.895
Umbria,2024,adulti,rischio,cura,0.273
Valle d'Aosta/Vallée d'Aoste,2024,adulti,rischio,cura,0.191
Veneto,2024,adulti,rischio,cura,0.426
Abruzzo,2024,adulti,rischio,lavorare,-0.055
Basilicata,2024,adulti,rischio,lavorare,-0.283
Calabria,2024,adulti,rischio,lavorare,-1.582
Campania,2024,adulti,rischio,lavorare,-1.737
Emilia-Romagna,2024,adulti,rischio,lavorare,0.685
Friuli-Venezia Giulia,2024,adulti,rischio,lavorare,0.71
Lazio,2024,adulti,rischio,lavorare,-0.146
Liguria,2024,adulti,rischio,lavorare,0.395
Lombardia,2024,adulti,rischio,lavorare,0.711
Marche,2024,adulti,rischio,lavorare,0.544
Molise,2024,adulti,rischio,lavorare,-0.529
Piemonte,2024,adulti,rischio,lavorare,0.377
Puglia,2024,adulti,rischio,lavorare,-0.86
Sardegna,2024,adulti,rischio,lavorare,-0.747
Sicilia,2024,adulti,rischio,lavorare,-1.941
Toscana,2024,adulti,rischio,lavorare,0.634
Trentino-Alto Adige/Südtirol,2024,adulti,rischio,lavorare,1.441
Umbria,2024,adulti,rischio,lavorare,0.586
Valle d'Aosta/Vallée d'Aoste,2024,adulti,rischio,lavorare,0.892
Veneto,2024,adulti,rischio,lavorare,0.905
Abruzzo,2024,adulti,rischio,vita_sana,0.131
Basilicata,2024,adulti,rischio,vita_sana,0.014
Calabria,2024,adulti,rischio,vita_sana,0.106
Campania,2024,adulti,rischio,vita_sana,-0.285
Emilia-Romagna,2024,adulti,rischio,vita_sana,0.151
Friuli-Venezia Giulia,2024,adulti,rischio,vita_sana,-0.086
Lazio,2024,adulti,rischio,vita_sana,0.578
Liguria,2024,adulti,rischio,vita_sana,-0.131
Lombardia,2024,adulti,rischio,vita_sana,0.381
Marche,2024,adulti,rischio,vita_sana,-1.311
Molise,2024,adulti,rischio,vita_sana,0.63
Piemonte,2024,adulti,rischio,vita_sana,-0.558
Puglia,2024,adulti,rischio,vita_sana,0.156
Sardegna,2024,adulti,rischio,vita_sana,-0.146
Sicilia,2024,adulti,rischio,vita_sana,0.197
Toscana,2024,adulti,rischio,vita_sana,-0.257
Trentino-Alto Adige/Südtirol,2024,adulti,rischio,vita_sana,1.194
Umbria,2024,adulti,rischio,vita_sana,-0.083
Valle d'Aosta/Vallée d'Aoste,2024,adulti,rischio,vita_sana,-0.807
Veneto,2024,adulti,rischio,vita_sana,0.125
Abruzzo,2024,adulti,rischio,vita_sicura,-0.311
Basilicata,2024,adulti,rischio,vita_sicura,-0.248
Calabria,2024,adulti,rischio,vita_sicura,-0.038
Campania,2024,adulti,rischio,vita_sicura,-1.398
Emilia-Romagna,2024,adulti,rischio,vita_sicura,0.185
Friuli-Venezia Giulia,2024,adulti,rischio,vita_sicura,0.808
Lazio,2024,adulti,rischio,vita_sicura,-0.494
Liguria,2024,adulti,rischio,vita_sicura,0.441
Lombardia,2024,adulti,rischio,vita_sicura,0.2
Marche,2024,adulti,rischio,vita_sicura,0.068
Molise,2024,adulti,rischio,vita_sicura,-0.473
Piemonte,2024,adulti,rischio,vita_sicura,0.317
Puglia,2024,adulti,rischio,vita_sicura,-0.933
Sardegna,2024,adulti,rischio,vita_sicura,0.184
Sicilia,2024,adulti,rischio,vita_sicura,-0.327
Toscana,2024,adulti,rischio,vita_sicura,0.047
Trentino-Alto Adige/Südtirol,2024,adulti,rischio,vita_sicura,1.333
Umbria,2024,adulti,rischio,vita_sicura,0.446
Valle d'Aosta/Vallée d'Aoste,2024,adulti,rischio,vita_sicura,-0.1
Veneto,2024,adulti,rischio,vita_sicura,0.293
Abruzzo,2024,bambini,rischio,vita_sana,-0.593
Basilicata,2024,bambini,rischio,vita_sana,-0.623
Calabria,2024,bambini,rischio,vita_sana,0.047
Campania,2024,bambini,rischio,vita_sana,-0.462
Emilia-Romagna,2024,bambini,rischio,vita_sana,0.444
Friuli-Venezia Giulia,2024,bambini,rischio,vita_sana,0.965
Lazio,2024,bambini,rischio,vita_sana,0.421
Liguria,2024,bambini,rischio,vita_sana,0.02
Lombardia,2024,bambini,rischio,vita_sana,0.311
Marche,2024,bambini,rischio,vita_sana,0.592
Molise,2024,bambini,rischio,vita_sana,-0.852
Piemonte,2024,bambini,rischio,vita_sana,0.34
Puglia,2024,bambini,rischio,vita_sana,-0.931
Sardegna,2024,bambini,rischio,vita_sana,-0.661
Sicilia,2024,bambini,rischio,vita_sana,-1.207
Toscana,2024,bambini,rischio,vita_sana,0.638
Trentino-Alto Adige/Südtirol,2024,bambini,rischio,vita_sana,0.885
Umbria,2024,bambini,rischio,vita_sana,-0.001
Valle d'Aosta/Vallée d'Aoste,2024,bambini,rischio,vita_sana,0.455
Veneto,2024,bambini,rischio,vita_sana,0.21
Abruzzo,2024,totale,rischio,totale,-0.171
Basilicata,2024,totale,rischio,totale,-0.165
Calabria,2024,totale,rischio,totale,-0.653
Campania,2024,totale,rischio,totale,-1.236
Emilia-Romagna,2024,totale,rischio,totale,0.54
Friuli-Venezia Giulia,2024,totale,rischio,totale,0.588
Lazio,2024,totale,rischio,totale,0.114
Liguria,2024,totale,rischio,totale,0.248
Lombardia,2024,totale,rischio,totale,0.474
Marche,2024,totale,rischio,totale,0.166
Molise,2024,totale,rischio,totale,-0.235
Piemonte,2024,totale,rischio,totale,0.112
Puglia,2024,totale,rischio,totale,-0.813
Sardegna,2024,totale,rischio,totale,-0.344
Sicilia,2024,totale,rischio,totale,-1.091
Toscana,2024,totale,rischio,totale,0.301
Trentino-Alto Adige/Südtirol,2024,totale,rischio,totale,0.982
Umbria,2024,totale,rischio,totale,0.307
Valle d'Aosta/Vallée d'Aoste,2024,totale,rischio,totale,0.314
Veneto,2024,totale,rischio,totale,0.443
Abruzzo,2024,adulti,servizi,accedere_risorse,-0.624
Basilicata,2024,adulti,servizi,accedere_risorse,-0.488
Calabria,2024,adulti,servizi,accedere_risorse,-0.483
Campania,2024,adulti,servizi,accedere_risorse,-0.532
Emilia-Romagna,2024,adulti,servizi,accedere_risorse,2.949
Friuli-Venezia Giulia,2024,adulti,servizi,accedere_risorse,0.347
Lazio,2024,adulti,servizi,accedere_risorse,-0.195
Liguria,2024,adulti,servizi,accedere_risorse,-0.41
Lombardia,2024,adulti,servizi,accedere_risorse,-0.308
Marche,2024,adulti,servizi,accedere_risorse,0.044
Molise,2024,adulti,servizi,accedere_risorse,-0.414
Piemonte,2024,adulti,servizi,accedere_risorse,-0.29
Puglia,2024,adulti,servizi,accedere_risorse,-0.507
Sardegna,2024,adulti,servizi,accedere_risorse,-0.192
Sicilia,2024,adulti,servizi,accedere_risorse,-0.571
Toscana,2024,adulti,servizi,accedere_risorse,0.101
Trentino-Alto Adige/Südtirol,2024,adulti,servizi,accedere_risorse,2.138
Umbria,2024,adulti,servizi,accedere_risorse,-0.334
Valle d'Aosta/Vallée d'Aoste,2024,adulti,servizi,accedere_risorse,-0.429
Veneto,2024,adulti,servizi,accedere_risorse,0.199
Abruzzo,2024,adulti,servizi,conoscenza_sapere,0.965
Basilicata,2024,adulti,servizi,conoscenza_sapere,0.948
Calabria,2024,adulti,servizi,conoscenza_sapere,0.269
Campania,2024,adulti,servizi,conoscenza_sapere,-1.122
Emilia-Romagna,2024,adulti,servizi,conoscenza_sapere,-0.751
Friuli-Venezia Giulia,2024,adulti,servizi,conoscenza_sapere,-0.086
Lazio,2024,adulti,servizi,conoscenza_sapere,0.638
Liguria,2024,adulti,servizi,conoscenza_sapere,-0.24
Lombardia,2024,adulti,servizi,conoscenza_sapere,-1.153
Marche,2024,adulti,servizi,conoscenza_sapere,0.783
Molise,2024,adulti,servizi,conoscenza_sapere,1.066
Piemonte,2024,adulti,servizi,conoscenza_sapere,-0.662
Puglia,2024,adulti,servizi,conoscenza_sapere,-1.797
Sardegna,2024,adulti,servizi,conoscenza_sapere,0.967
Sicilia,2024,adulti,servizi,conoscenza_sapere,-1.584
Toscana,2024,adulti,servizi,conoscenza_sapere,1.4
Trentino-Alto Adige/Südtirol,2024,adulti,servizi,conoscenza_sapere,1.429
Umbria,2024,adulti,servizi,conoscenza_sapere,-0.252
Valle d'Aosta/Vallée d'Aoste,2024,adulti,servizi,conoscenza_sapere,0.369
Veneto,2024,adulti,servizi,conoscenza_sapere,-1.189
Abruzzo,2024,adulti,servizi,cura,0.048
Basilicata,2024,adulti,servizi,cura,0.181
Calabria,2024,adulti,servizi,cura,-0.739
Campania,2024,adulti,servizi,cura,-1.018
Emilia-Romagna,2024,adulti,servizi,cura,1.696
Friuli-Venezia Giulia,2024,adulti,servizi,cura,-0.142
Lazio,2024,adulti,servizi,cura,-0.208
Liguria,2024,adulti,servizi,cura,0.077
Lombardia,2024,adulti,servizi,cura,0.115
Marche,2024,adulti,servizi,cura,-0.477
Molise,2024,adulti,servizi,cura,-0.84
Piemonte,2024,adulti,servizi,cura,0.081
Puglia,2024,adulti,servizi,cura,0.049
Sardegna,2024,adulti,servizi,cura,0.362
Sicilia,2024,adulti,servizi,cura,-0.123
Toscana,2024,adulti,servizi,cura,-0.036
Trentino-Alto Adige/Südtirol,2024,adulti,servizi,cura,-0.086
Umbria,2024,adulti,servizi,cura,0.484
Valle d'Aosta/Vallée d'Aoste,2024,adulti,servizi,cura,0.445
Veneto,2024,adulti,servizi,cura,0.364
Abruzzo,2024,adulti,servizi,lavorare,-0.424
Basilicata,2024,adulti,servizi,lavorare,-0.516
Calabria,2024,adulti,servizi,lavorare,-0.639
Campania,2024,adulti,servizi,lavorare,-0.595
Emilia-Romagna,2024,adulti,servizi,lavorare,0.08
Friuli-Venezia Giulia,2024,adulti,servizi,lavorare,1.112
Lazio,2024,adulti,servizi,lavorare,-0.508
Liguria,2024,adulti,servizi,lavorare,0.235
Lombardia,2024,adulti,servizi,lavorare,0.086
Marche,2024,adulti,servizi,lavorare,-0.155
Molise,2024,adulti,servizi,lavorare,-0.315
Piemonte,2024,adulti,servizi,lavorare,0.032
Puglia,2024,adulti,servizi,lavorare,-0.407
Sardegna,2024,adulti,servizi,lavorare,-0.37
Sicilia,2024,adulti,servizi,lavorare,-0.346
Toscana,2024,adulti,servizi,lavorare,-0.197
Trentino-Alto Adige/Südtirol,2024,adulti,servizi,lavorare,-0.445
Umbria,2024,adulti,servizi,lavorare,-0.579
Valle d'Aosta/Vallée d'Aoste,2024,adulti,servizi,lavorare,0.0
Veneto,2024,adulti,servizi,lavorare,3.949
Abruzzo,2024,adulti,servizi,vita_sana,-0.321
Basilicata,2024,adulti,servizi,vita_sana,-0.15
Calabria,2024,adulti,servizi,vita_sana,-0.812
Campania,2024,adulti,servizi,vita_sana,-1.19
Emilia-Romagna,2024,adulti,servizi,vita_sana,-0.018
Friuli-Venezia Giulia,2024,adulti,servizi,vita_sana,-0.66
Lazio,2024,adulti,servizi,vita_sana,-0.521
Liguria,2024,adulti,servizi,vita_sana,1.267
Lombardia,2024,adulti,servizi,vita_sana,-0.03
Marche,2024,adulti,servizi,vita_sana,0.682
Molise,2024,adulti,servizi,vita_sana,-0.036
Piemonte,2024,adulti,servizi,vita_sana,0.443
Puglia,2024,adulti,servizi,vita_sana,-0.388
Sardegna,2024,adulti,servizi,vita_sana,-0.267
Sicilia,2024,adulti,servizi,vita_sana,-0.707
Toscana,2024,adulti,servizi,vita_sana,0.413
Trentino-Alto Adige/Südtirol,2024,adulti,servizi,vita_sana,0.085
Umbria,2024,adulti,servizi,vita_sana,0.331
Valle d'Aosta/Vallée d'Aoste,2024,adulti,servizi,vita_sana,1.105
Veneto,2024,adulti,servizi,vita_sana,0.774
Abruzzo,2024,adulti,servizi,vita_sicura,0.242
Basilicata,2024,adulti,servizi,vita_sicura,-0.678
Calabria,2024,adulti,servizi,vita_sicura,0.574
Campania,2024,adulti,servizi,vita_sicura,-0.624
Emilia-Romagna,2024,adulti,servizi,vita_sicura,0.714
Friuli-Venezia Giulia,2024,adulti,servizi,vita_sicura,0.262
Lazio,2024,adulti,servizi,vita_sicura,-1.176
Liguria,2024,adulti,servizi,vita_sicura,-0.204
Lombardia,2024,adulti,servizi,vita_sicura,0.613
Marche,2024,adulti,servizi,vita_sicura,0.311
Molise,2024,adulti,servizi,vita_sicura,0.192
Piemonte,2024,adulti,servizi,vita_sicura,-0.874
Puglia,2024,adulti,servizi,vita_sicura,-0.312
Sardegna,2024,adulti,servizi,vita_sicura,0.148
Sicilia,2024,adulti,servizi,vita_sicura,-0.556
Toscana,2024,adulti,servizi,vita_sicura,-0.234
Trentino-Alto Adige/Südtirol,2024,adulti,servizi,vita_sicura,-0.445
Umbria,2024,adulti,servizi,vita_sicura,1.574
Valle d'Aosta/Vallée d'Aoste,2024,adulti,servizi,vita_sicura,0.298
Veneto,2024,adulti,servizi,vita_sicura,0.176
Abruzzo,2024,bambini,servizi,cura,-0.546
Basilicata,2024,bambini,servizi,cura,0.209
Calabria,2024,bambini,servizi,cura,-0.679
Campania,2024,bambini,servizi,cura,-0.855
Emilia-Romagna,2024,bambini,servizi,cura,0.744
Friuli-Venezia Giulia,2024,bambini,servizi,cura,0.005
Lazio,2024,bambini,servizi,cura,-0.662
Liguria,2024,bambini,servizi,cura,0.705
Lombardia,2024,bambini,servizi,cura,-0.42
Marche,2024,bambini,servizi,cura,0.022
Molise,2024,bambini,servizi,cura,-0.014
Piemonte,2024,bambini,servizi,cura,0.713
Puglia,2024,bambini,servizi,cura,-0.516
Sardegna,2024,bambini,servizi,cura,0.264
Sicilia,2024,bambini,servizi,cura,-0.268
Toscana,2024,bambini,servizi,cura,0.317
Trentino-Alto Adige/Südtirol,2024,bambini,servizi,cura,-0.292
Umbria,2024,bambini,servizi,cura,0.943
Valle d'Aosta/Vallée d'Aoste,2024,bambini,servizi,cura,0.333
Veneto,2024,bambini,servizi,cura,-0.002
Abruzzo,2024,bambini,servizi,vita_sana,-0.049
Basilicata,2024,bambini,servizi,vita_sana,-0.145
Calabria,2024,bambini,servizi,vita_sana,-0.868
Campania,2024,bambini,servizi,vita_sana,-0.584
Emilia-Romagna,2024,bambini,servizi,vita_sana,0.802
Friuli-Venezia Giulia,2024,bambini,servizi,vita_sana,-0.908
Lazio,2024,bambini,servizi,vita_sana,0.204
Liguria,2024,bambini,servizi,vita_sana,0.079
Lombardia,2024,bambini,servizi,vita_sana,-0.941
Marche,2024,bambini,servizi,vita_sana,-0.159
Molise,2024,bambini,servizi,vita_sana,0.006
Piemonte,2024,bambini,servizi,vita_sana,-1.055
Puglia,2024,bambini,servizi,vita_sana,0.513
Sardegna,2024,bambini,servizi,vita_sana,1.003
Sicilia,2024,bambini,servizi,vita_sana,0.01
Toscana,2024,bambini,servizi,vita_sana,1.467
Trentino-Alto Adige/Südtirol,2024,bambini,servizi,vita_sana,-0.538
Umbria,2024,bambini,servizi,vita_sana,0.482
Valle d'Aosta/Vallée d'Aoste,2024,bambini,servizi,vita_sana,1.013
Veneto,2024,bambini,servizi,vita_sana,-0.333
Abruzzo,2024,totale,servizi,totale,-0.089
Basilicata,2024,totale,servizi,totale,-0.08
Calabria,2024,totale,servizi,totale,-0.422
Campania,2024,totale,servizi,totale,-0.815
Emilia-Romagna,2024,totale,servizi,totale,0.777
Friuli-Venezia Giulia,2024,totale,servizi,totale,-0.009
Lazio,2024,totale,servizi,totale,-0.304
Liguria,2024,totale,servizi,totale,0.189
Lombardia,2024,totale,servizi,totale,-0.255
Marche,2024,totale,servizi,totale,0.131
Molise,2024,totale,servizi,totale,-0.044
Piemonte,2024,totale,servizi,totale,-0.202
Puglia,2024,totale,servizi,totale,-0.421
Sardegna,2024,totale,servizi,totale,0.239
Sicilia,2024,totale,servizi,totale,-0.518
Toscana,2024,totale,servizi,totale,0.404
Trentino-Alto Adige/Südtirol,2024,totale,servizi,totale,0.231
Umbria,2024,totale,servizi,totale,0.331
Valle d'Aosta/Vallée d'Aoste,2024,totale,servizi,totale,0.392
Veneto,2024,totale,servizi,totale,0.492
Abruzzo,2024,totale,totale,totale,-0.095
Basilicata,2024,totale,totale,totale,-0.123
Calabria,2024,totale,totale,totale,-0.546
Campania,2024,totale,totale,totale,-1.057
Emilia-Romagna,2024,totale,totale,totale,0.697
Friuli-Venezia Giulia,2024,totale,totale,totale,0.358
Lazio,2024,totale,totale,totale,-0.134
Liguria,2024,totale,totale,totale,0.186
Lombardia,2024,totale,totale,totale,0.109
Marche,2024,totale,totale,totale,0.204
Molise,2024,totale,totale,totale,-0.126
Piemonte,2024,totale,totale,totale,-0.071
Puglia,2024,totale,totale,totale,-0.691
Sardegna,2024,totale,totale,totale,-0.06
Sicilia,2024,totale,totale,totale,-0.865
Toscana,2024,totale,totale,totale,0.338
Trentino-Alto Adige/Südtirol,2024,totale,totale,totale,0.644
Umbria,2024,totale,totale,totale,0.322
Valle d'Aosta/Vallée d'Aoste,2024,totale,totale,totale,0.344
Veneto,2024,totale,totale,totale,0.532
Abruzzo,2026,adulti,rischio,accedere_risorse,0.432
Basilicata,2026,adulti,rischio,accedere_risorse,0.23
Calabria,2026,adulti,rischio,accedere_risorse,-1.486
Campania,2026,adulti,rischio,accedere_risorse,-1.137
Emilia-Romagna,2026,adulti,rischio,accedere_risorse,0.28
Friuli-Venezia Giulia,2026,adulti,rischio,accedere_risorse,0.357
Lazio,2026,adulti,rischio,accedere_risorse,-0.332
Liguria,2026,adulti,rischio,accedere_risorse,0.313
Lombardia,2026,adulti,rischio,accedere_risorse,0.012
Marche,2026,adulti,rischio,accedere_risorse,0.376
Molise,2026,adulti,rischio,accedere_risorse,-0.156
Piemonte,2026,adulti,rischio,accedere_risorse,0.125
Puglia,2026,adulti,rischio,accedere_risorse,-0.844
Sardegna,2026,adulti,rischio,accedere_risorse,-0.388
Sicilia,2026,adulti,rischio,accedere_risorse,-0.37
Toscana,2026,adulti,rischio,accedere_risorse,0.293
Trentino-Alto Adige/Südtirol,2026,adulti,rischio,accedere_risorse,0.413
Umbria,2026,adulti,rischio,accedere_risorse,0.013
Valle d'Aosta/Vallée d'Aoste,2026,adulti,rischio,accedere_risorse,0.546
Veneto,2026,adulti,rischio,accedere_risorse,0.506
Abruzzo,2026,adulti,rischio,conoscenza_sapere,0.647
Basilicata,2026,adulti,rischio,conoscenza_sapere,-0.305
Calabria,2026,adulti,rischio,conoscenza_sapere,-1.295
Campania,2026,adulti,rischio,conoscenza_sapere,-1.78
Emilia-Romagna,2026,adulti,rischio,conoscenza_sapere,0.565
Friuli-Venezia Giulia,2026,adulti,rischio,conoscenza_sapere,0.898
Lazio,2026,adulti,rischio,conoscenza_sapere,1.098
Liguria,2026,adulti,rischio,conoscenza_sapere,0.407
Lombardia,2026,adulti,rischio,conoscenza_sapere,0.008
Marche,2026,adulti,rischio,conoscenza_sapere,0.947
Molise,2026,adulti,rischio,conoscenza_sapere,0.366
Piemonte,2026,adulti,rischio,conoscenza_sapere,-0.137
Puglia,2026,adulti,rischio,conoscenza_sapere,-1.846
Sardegna,2026,adulti,rischio,conoscenza_sapere,-0.427
Sicilia,2026,adulti,rischio,conoscenza_sapere,-1.907
Toscana,2026,adulti,rischio,conoscenza_sapere,0.281
Trentino-Alto Adige/Südtirol,2026,adulti,rischio,conoscenza_sapere,0.572
Umbria,2026,adulti,rischio,conoscenza_sapere,0.223
Valle d'Aosta/Vallée d'Aoste,2026,adulti,rischio,conoscenza_sapere,0.511
Veneto,2026,adulti,rischio,conoscenza_sapere,1.172
Abruzzo,2026,adulti,rischio,cura,-0.251
Basilicata,2026,adulti,rischio,cura,-0.132
Calabria,2026,adulti,rischio,cura,-0.831
Campania,2026,adulti,rischio,cura,-1.811
Emilia-Romagna,2026,adulti,rischio,cura,0.314
Friuli-Venezia Giulia,2026,adulti,rischio,cura,0.42
Lazio,2026,adulti,rischio,cura,-0.279
Liguria,2026,adulti,rischio,cura,0.536
Lombardia,2026,adulti,rischio,cura,0.557
Marche,2026,adulti,rischio,cura,0.036
Molise,2026,adulti,rischio,cura,0.025
Piemonte,2026,adulti,rischio,cura,0.413
Puglia,2026,adulti,rischio,cura,-0.653
Sardegna,2026,adulti,rischio,cura,0.381
Sicilia,2026,adulti,rischio,cura,-1.245
Toscana,2026,adulti,rischio,cura,0.311
Trentino-Alto Adige/Südtirol,2026,adulti,rischio,cura,0.983
Umbria,2026,adulti,rischio,cura,0.299
Valle d'Aosta/Vallée d'Aoste,2026,adulti,rischio,cura,0.407
Veneto,2026,adulti,rischio,cura,0.521
Abruzzo,2026,adulti,rischio,lavorare,0.107
Basilicata,2026,adulti,rischio,lavorare,-0.409
Calabria,2026,adulti,rischio,lavorare,-1.628
Campania,2026,adulti,rischio,lavorare,-2.051
Emilia-Romagna,2026,adulti,rischio,lavorare,0.789
Friuli-Venezia Giulia,2026,adulti,rischio,lavorare,0.51
Lazio,2026,adulti,rischio,lavorare,-0.302
Liguria,2026,adulti,rischio,lavorare,0.38
Lombardia,2026,adulti,rischio,lavorare,0.781
Marche,2026,adulti,rischio,lavorare,0.504
Molise,2026,adulti,rischio,lavorare,-0.928
Piemonte,2026,adulti,rischio,lavorare,0.483
Puglia,2026,adulti,rischio,lavorare,-0.633
Sardegna,2026,adulti,rischio,lavorare,-0.842
Sicilia,2026,adulti,rischio,lavorare,-1.439
Toscana,2026,adulti,rischio,lavorare,0.825
Trentino-Alto Adige/Südtirol,2026,adulti,rischio,lavorare,1.203
Umbria,2026,adulti,rischio,lavorare,0.533
Valle d'Aosta/Vallée d'Aoste,2026,adulti,rischio,lavorare,0.896
Veneto,2026,adulti,rischio,lavorare,1.073
Abruzzo,2026,adulti,rischio,vita_sana,-0.224
Basilicata,2026,adulti,rischio,vita_sana,0.061
Calabria,2026,adulti,rischio,vita_sana,0.654
Campania,2026,adulti,rischio,vita_sana,0.632
Emilia-Romagna,2026,adulti,rischio,vita_sana,-0.345
Friuli-Venezia Giulia,2026,adulti,rischio,vita_sana,0.077
Lazio,2026,adulti,rischio,vita_sana,0.312
Liguria,2026,adulti,rischio,vita_sana,0.232
Lombardia,2026,adulti,rischio,vita_sana,-0.232
Marche,2026,adulti,rischio,vita_sana,-0.599
Molise,2026,adulti,rischio,vita_sana,-1.326
Piemonte,2026,adulti,rischio,vita_sana,-0.688
Puglia,2026,adulti,rischio,vita_sana,0.021
Sardegna,2026,adulti,rischio,vita_sana,-0.1
Sicilia,2026,adulti,rischio,vita_sana,0.802
Toscana,2026,adulti,rischio,vita_sana,-0.09
Trentino-Alto Adige/Südtirol,2026,adulti,rischio,vita_sana,0.637
Umbria,2026,adulti,rischio,vita_sana,0.254
Valle d'Aosta/Vallée d'Aoste,2026,adulti,rischio,vita_sana,0.217
Veneto,2026,adulti,rischio,vita_sana,-0.296
Abruzzo,2026,adulti,rischio,vita_sicura,-0.434
Basilicata,2026,adulti,rischio,vita_sicura,-0.649
Calabria,2026,adulti,rischio,vita_sicura,0.291
Campania,2026,adulti,rischio,vita_sicura,-1.288
Emilia-Romagna,2026,adulti,rischio,vita_sicura,0.058
Friuli-Venezia Giulia,2026,adulti,rischio,vita_sicura,0.623
Lazio,2026,adulti,rischio,vita_sicura,-0.657
Liguria,2026,adulti,rischio,vita_sicura,0.233
Lombardia,2026,adulti,rischio,vita_sicura,0.055
Marche,2026,adulti,rischio,vita_sicura,0.108
Molise,2026,adulti,rischio,vita_sicura,-0.236
Piemonte,2026,adulti,rischio,vita_sicura,0.29
Puglia,2026,adulti,rischio,vita_sicura,-0.88
Sardegna,2026,adulti,rischio,vita_sicura,0.359
Sicilia,2026,adulti,rischio,vita_sicura,-0.34
Toscana,2026,adulti,rischio,vita_sicura,-0.129
Trentino-Alto Adige/Südtirol,2026,adulti,rischio,vita_sicura,1.308
Umbria,2026,adulti,rischio,vita_sicura,0.274
Valle d'Aosta/Vallée d'Aoste,2026,adulti,rischio,vita_sicura,0.912
Veneto,2026,adulti,rischio,vita_sicura,0.101
Abruzzo,2026,bambini,rischio,vita_sana,-0.344
Basilicata,2026,bambini,rischio,vita_sana,-0.114
Calabria,2026,bambini,rischio,vita_sana,-0.586
Campania,2026,bambini,rischio,vita_sana,-0.373
Emilia-Romagna,2026,bambini,rischio,vita_sana,0.228
Friuli-Venezia Giulia,2026,bambini,rischio,vita_sana,0.145
Lazio,2026,bambini,rischio,vita_sana,-0.436
Liguria,2026,bambini,rischio,vita_sana,0.322
Lombardia,2026,bambini,rischio,vita_sana,0.341
Marche,2026,bambini,rischio,vita_sana,0.435
Molise,2026,bambini,rischio,vita_sana,-0.292
Piemonte,2026,bambini,rischio,vita_sana,-0.195
Puglia,2026,bambini,rischio,vita_sana,-0.611
Sardegna,2026,bambini,rischio,vita_sana,-0.156
Sicilia,2026,bambini,rischio,vita_sana,-0.448
Toscana,2026,bambini,rischio,vita_sana,0.461
Trentino-Alto Adige/Südtirol,2026,bambini,rischio,vita_sana,0.694
Umbria,2026,bambini,rischio,vita_sana,-0.086
Valle d'Aosta/Vallée d'Aoste,2026,bambini,rischio,vita_sana,0.081
Veneto,2026,bambini,rischio,vita_sana,0.934
Abruzzo,2026,totale,rischio,totale,-0.01
Basilicata,2026,totale,rischio,totale,-0.188
Calabria,2026,totale,rischio,totale,-0.697
Campania,2026,totale,rischio,totale,-1.115
Emilia-Romagna,2026,totale,rischio,totale,0.27
Friuli-Venezia Giulia,2026,totale,rischio,totale,0.433
Lazio,2026,totale,rischio,totale,-0.085
Liguria,2026,totale,rischio,totale,0.346
Lombardia,2026,totale,rischio,totale,0.217
Marche,2026,totale,rischio,totale,0.258
Molise,2026,totale,rischio,totale,-0.364
Piemonte,2026,totale,rischio,totale,0.042
Puglia,2026,totale,rischio,totale,-0.778
Sardegna,2026,totale,rischio,totale,-0.168
Sicilia,2026,totale,rischio,totale,-0.707
Toscana,2026,totale,rischio,totale,0.279
Trentino-Alto Adige/Südtirol,2026,totale,rischio,totale,0.83
Umbria,2026,totale,rischio,totale,0.216
Valle d'Aosta/Vallée d'Aoste,2026,totale,rischio,totale,0.51
Veneto,2026,totale,rischio,totale,0.573
Abruzzo,2026,adulti,servizi,accedere_risorse,-0.673
Basilicata,2026,adulti,servizi,accedere_risorse,-0.657
Calabria,2026,adulti,servizi,accedere_risorse,-0.707
Campania,2026,adulti,servizi,accedere_risorse,-0.717
Emilia-Romagna,2026,adulti,servizi,accedere_risorse,2.217
Friuli-Venezia Giulia,2026,adulti,servizi,accedere_risorse,1.068
Lazio,2026,adulti,servizi,accedere_risorse,0.125
Liguria,2026,adulti,servizi,accedere_risorse,-0.389
Lombardia,2026,adulti,servizi,accedere_risorse,0.243
Marche,2026,adulti,servizi,accedere_risorse,0.039
Molise,2026,adulti,servizi,accedere_risorse,-0.617
Piemonte,2026,adulti,servizi,accedere_risorse,-0.182
Puglia,2026,adulti,servizi,accedere_risorse,-0.599
Sardegna,2026,adulti,servizi,accedere_risorse,-0.521
Sicilia,2026,adulti,servizi,accedere_risorse,-0.632
Toscana,2026,adulti,servizi,accedere_risorse,0.546
Trentino-Alto Adige/Südtirol,2026,adulti,servizi,accedere_risorse,1.997
Umbria,2026,adulti,servizi,accedere_risorse,-0.4
Valle d'Aosta/Vallée d'Aoste,2026,adulti,servizi,accedere_risorse,-0.716
Veneto,2026,adulti,servizi,accedere_risorse,0.576
Abruzzo,2026,adulti,servizi,conoscenza_sapere,-0.432
Basilicata,2026,adulti,servizi,conoscenza_sapere,0.507
Calabria,2026,adulti,servizi,conoscenza_sapere,-1.315
Campania,2026,adulti,servizi,conoscenza_sapere,-1.324
Emilia-Romagna,2026,adulti,servizi,conoscenza_sapere,0.927
Friuli-Venezia Giulia,2026,adulti,servizi,conoscenza_sapere,0.86
Lazio,2026,adulti,servizi,conoscenza_sapere,-0.009
Liguria,2026,adulti,servizi,conoscenza_sapere,0.55
Lombardia,2026,adulti,servizi,conoscenza_sapere,-0.021
Marche,2026,adulti,servizi,conoscenza_sapere,0.667
Molise,2026,adulti,servizi,conoscenza_sapere,1.153
Piemonte,2026,adulti,servizi,conoscenza_sapere,0.137
Puglia,2026,adulti,servizi,conoscenza_sapere,-2.021
Sardegna,2026,adulti,servizi,conoscenza_sapere,0.882
Sicilia,2026,adulti,servizi,conoscenza_sapere,-2.301
Toscana,2026,adulti,servizi,conoscenza_sapere,0.728
Trentino-Alto Adige/Südtirol,2026,adulti,servizi,conoscenza_sapere,0.324
Umbria,2026,adulti,servizi,conoscenza_sapere,1.193
Valle d'Aosta/Vallée d'Aoste,2026,adulti,servizi,conoscenza_sapere,-0.126
Veneto,2026,adulti,servizi,conoscenza_sapere,-0.38
Abruzzo,2026,adulti,servizi,cura,0.234
Basilicata,2026,adulti,servizi,cura,0.381
Calabria,2026,adulti,servizi,cura,-0.816
Campania,2026,adulti,servizi,cura,-1.139
Emilia-Romagna,2026,adulti,servizi,cura,1.512
Friuli-Venezia Giulia,2026,adulti,servizi,cura,-0.368
Lazio,2026,adulti,servizi,cura,-0.107
Liguria,2026,adulti,servizi,cura,-0.017
Lombardia,2026,adulti,servizi,cura,-0.038
Marche,2026,adulti,servizi,cura,-0.377
Molise,2026,adulti,servizi,cura,-0.859
Piemonte,2026,adulti,servizi,cura,0.091
Puglia,2026,adulti,servizi,cura,0.043
Sardegna,2026,adulti,servizi,cura,0.549
Sicilia,2026,adulti,servizi,cura,0.014
Toscana,2026,adulti,servizi,cura,-0.066
Trentino-Alto Adige/Südtirol,2026,adulti,servizi,cura,0.091
Umbria,2026,adulti,servizi,cura,0.537
Valle d'Aosta/Vallée d'Aoste,2026,adulti,servizi,cura,0.389
Veneto,2026,adulti,servizi,cura,0.26
Abruzzo,2026,adulti,servizi,lavorare,-0.345
Basilicata,2026,adulti,servizi,lavorare,-0.577
Calabria,2026,adulti,servizi,lavorare,-0.642
Campania,2026,adulti,servizi,lavorare,-0.614
Emilia-Romagna,2026,adulti,servizi,lavorare,0.534
Friuli-Venezia Giulia,2026,adulti,servizi,lavorare,0.614
Lazio,2026,adulti,servizi,lavorare,-0.467
Liguria,2026,adulti,servizi,lavorare,-0.166
Lombardia,2026,adulti,servizi,lavorare,-0.192
Marche,2026,adulti,servizi,lavorare,-0.506
Molise,2026,adulti,servizi,lavorare,-0.267
Piemonte,2026,adulti,servizi,lavorare,1.593
Puglia,2026,adulti,servizi,lavorare,-0.579
Sardegna,2026,adulti,servizi,lavorare,-0.4
Sicilia,2026,adulti,servizi,lavorare,-0.264
Toscana,2026,adulti,servizi,lavorare,-0.162
Trentino-Alto Adige/Südtirol,2026,adulti,servizi,lavorare,-0.53
Umbria,2026,adulti,servizi,lavorare,-0.661
Valle d'Aosta/Vallée d'Aoste,2026,adulti,servizi,lavorare,0.0
Veneto,2026,adulti,servizi,lavorare,3.63
Abruzzo,2026,adulti,servizi,vita_sana,-0.438
Basilicata,2026,adulti,servizi,vita_sana,-0.229
Calabria,2026,adulti,servizi,vita_sana,-0.9
Campania,2026,adulti,servizi,vita_sana,-1.332
Emilia-Romagna,2026,adulti,servizi,vita_sana,-0.355
Friuli-Venezia Giulia,2026,adulti,servizi,vita_sana,-0.069
Lazio,2026,adulti,servizi,vita_sana,-0.38
Liguria,2026,adulti,servizi,vita_sana,1.522
Lombardia,2026,adulti,servizi,vita_sana,-0.279
Marche,2026,adulti,servizi,vita_sana,0.626
Molise,2026,adulti,servizi,vita_sana,0.274
Piemonte,2026,adulti,servizi,vita_sana,0.4
Puglia,2026,adulti,servizi,vita_sana,-0.461
Sardegna,2026,adulti,servizi,vita_sana,-0.379
Sicilia,2026,adulti,servizi,vita_sana,-0.816
Toscana,2026,adulti,servizi,vita_sana,0.406
Trentino-Alto Adige/Südtirol,2026,adulti,servizi,vita_sana,0.406
Umbria,2026,adulti,servizi,vita_sana,0.42
Valle d'Aosta/Vallée d'Aoste,2026,adulti,servizi,vita_sana,0.955
Veneto,2026,adulti,servizi,vita_sana,0.629
Abruzzo,2026,adulti,servizi,vita_sicura,0.264
Basilicata,2026,adulti,servizi,vita_sicura,-0.833
Calabria,2026,adulti,servizi,vita_sicura,-0.08
Campania,2026,adulti,servizi,vita_sicura,-0.151
Emilia-Romagna,2026,adulti,servizi,vita_sicura,0.853
Friuli-Venezia Giulia,2026,adulti,servizi,vita_sicura,0.248
Lazio,2026,adulti,servizi,vita_sicura,-0.695
Liguria,2026,adulti,servizi,vita_sicura,-0.234
Lombardia,2026,adulti,servizi,vita_sicura,0.383
Marche,2026,adulti,servizi,vita_sicura,-0.255
Molise,2026,adulti,servizi,vita_sicura,0.208
Piemonte,2026,adulti,servizi,vita_sicura,-0.885
Puglia,2026,adulti,servizi,vita_sicura,-0.587
Sardegna,2026,adulti,servizi,vita_sicura,0.317
Sicilia,2026,adulti,servizi,vita_sicura,-0.086
Toscana,2026,adulti,servizi,vita_sicura,-0.107
Trentino-Alto Adige/Südtirol,2026,adulti,servizi,vita_sicura,-0.455
Umbria,2026,adulti,servizi,vita_sicura,1.536
Valle d'Aosta/Vallée d'Aoste,2026,adulti,servizi,vita_sicura,0.328
Veneto,2026,adulti,servizi,vita_sicura,0.231
Abruzzo,2026,bambini,servizi,cura,-0.299
Basilicata,2026,bambini,servizi,cura,0.236
Calabria,2026,bambini,servizi,cura,-0.715
Campania,2026,bambini,servizi,cura,-0.7
Emilia-Romagna,2026,bambini,servizi,cura,0.716
Friuli-Venezia Giulia,2026,bambini,servizi,cura,-0.04
Lazio,2026,bambini,servizi,cura,-0.648
Liguria,2026,bambini,servizi,cura,0.634
Lombardia,2026,bambini,servizi,cura,-0.278
Marche,2026,bambini,servizi,cura,-0.016
Molise,2026,bambini,servizi,cura,-0.538
Piemonte,2026,bambini,servizi,cura,0.693
Puglia,2026,bambini,servizi,cura,-0.457
Sardegna,2026,bambini,servizi,cura,0.276
Sicilia,2026,bambini,servizi,cura,-0.237
Toscana,2026,bambini,servizi,cura,0.336
Trentino-Alto Adige/Südtirol,2026,bambini,servizi,cura,-0.447
Umbria,2026,bambini,servizi,cura,0.995
Valle d'Aosta/Vallée d'Aoste,2026,bambini,servizi,cura,0.422
Veneto,2026,bambini,servizi,cura,0.067
Abruzzo,2026,bambini,servizi,vita_sana,-0.245
Basilicata,2026,bambini,servizi,vita_sana,-0.061
Calabria,2026,bambini,servizi,vita_sana,-0.27
Campania,2026,bambini,servizi,vita_sana,-0.559
Emilia-Romagna,2026,bambini,servizi,vita_sana,0.755
Friuli-Venezia Giulia,2026,bambini,servizi,vita_sana,-0.948
Lazio,2026,bambini,servizi,vita_sana,0.5
Liguria,2026,bambini,servizi,vita_sana,0.003
Lombardia,2026,bambini,servizi,vita_sana,-0.891
Marche,2026,bambini,servizi,vita_sana,-0.29
Molise,2026,bambini,servizi,vita_sana,-0.294
Piemonte,2026,bambini,servizi,vita_sana,-1.118
Puglia,2026,bambini,servizi,vita_sana,0.412
Sardegna,2026,bambini,servizi,vita_sana,0.735
Sicilia,2026,bambini,servizi,vita_sana,-0.064
Toscana,2026,bambini,servizi,vita_sana,1.469
Trentino-Alto Adige/Südtirol,2026,bambini,servizi,vita_sana,-0.05
Umbria,2026,bambini,servizi,vita_sana,0.767
Valle d'Aosta/Vallée d'Aoste,2026,bambini,servizi,vita_sana,0.654
Veneto,2026,bambini,servizi,vita_sana,-0.504
Abruzzo,2026,totale,servizi,totale,-0.242
Basilicata,2026,totale,servizi,totale,-0.154
Calabria,2026,totale,servizi,totale,-0.681
Campania,2026,totale,servizi,totale,-0.817
Emilia-Romagna,2026,totale,servizi,totale,0.895
Friuli-Venezia Giulia,2026,totale,servizi,totale,0.171
Lazio,2026,totale,servizi,totale,-0.21
Liguria,2026,totale,servizi,totale,0.238
Lombardia,2026,totale,servizi,totale,-0.134
Marche,2026,totale,servizi,totale,-0.014
Molise,2026,totale,servizi,totale,-0.118
Piemonte,2026,totale,servizi,totale,0.091
Puglia,2026,totale,servizi,totale,-0.531
Sardegna,2026,totale,servizi,totale,0.182
Sicilia,2026,totale,servizi,totale,-0.548
Toscana,2026,totale,servizi,totale,0.394
Trentino-Alto Adige/Südtirol,2026,totale,servizi,totale,0.167
Umbria,2026,totale,servizi,totale,0.548
Valle d'Aosta/Vallée d'Aoste,2026,totale,servizi,totale,0.238
Veneto,2026,totale,servizi,totale,0.564
Abruzzo,2026,totale,totale,totale,-0.106
Basilicata,2026,totale,totale,totale,-0.212
Calabria,2026,totale,totale,totale,-0.749
Campania,2026,totale,totale,totale,-1.026
Emilia-Romagna,2026,totale,totale,totale,0.672
Friuli-Venezia Giulia,2026,totale,totale,totale,0.399
Lazio,2026,totale,totale,totale,-0.161
Liguria,2026,totale,totale,totale,0.242
Lombardia,2026,totale,totale,totale,0.075
Marche,2026,totale,totale,totale,0.144
Molise,2026,totale,totale,totale,-0.184
Piemonte,2026,totale,totale,totale,0.118
Puglia,2026,totale,totale,totale,-0.752
Sardegna,2026,totale,totale,totale,-0.014
Sicilia,2026,totale,totale,totale,-0.715
Toscana,2026,totale,totale,totale,0.315
Trentino-Alto Adige/Südtirol,2026,totale,totale,totale,0.508
Umbria,2026,totale,totale,totale,0.384
Valle d'Aosta/Vallée d'Aoste,2026,totale,totale,totale,0.343
Veneto,2026,totale,totale,totale,0.655
